This file contains any messages produced by compilers while
running configure, to aid debugging if configure makes a mistake.

It was created by ngspice configure 45.2, which was
generated by GNU Autoconf 2.71.  Invocation command line was

  $ ../configure --build=x86_64-pc-linux-gnu --host=wasm32-unknown-emscripten --disable-debug --disable-openmp --disable-xspice --disable-osdi --without-x --with-readline=no

## --------- ##
## Platform. ##
## --------- ##

hostname = a1c921cd2cef
uname -m = x86_64
uname -r = 6.17.0-1022-azure
uname -s = Linux
uname -v = #22-Ubuntu SMP Mon Jul 27 17:24:03 UTC 2026

/usr/bin/uname -p = x86_64
/bin/uname -X     = unknown

/bin/arch              = x86_64
/usr/bin/arch -k       = unknown
/usr/convex/getsysinfo = unknown
/usr/bin/hostinfo      = unknown
/bin/machine           = unknown
/usr/bin/oslevel       = unknown
/bin/universe          = unknown

PATH: /emsdk/upstream/emscripten/cache/sysroot/bin/
PATH: /emsdk/
PATH: /emsdk/upstream/emscripten/
PATH: /emsdk/node/22.16.0_64bit/bin/
PATH: /usr/local/sbin/
PATH: /usr/local/bin/
PATH: /usr/sbin/
PATH: /usr/bin/
PATH: /sbin/
PATH: /bin/


## ----------- ##
## Core tests. ##
## ----------- ##

configure:3175: looking for aux files: ltmain.sh ar-lib config.guess config.sub compile missing install-sh
configure:3188:  trying ../
configure:3217:   ../ltmain.sh found
configure:3217:   ../ar-lib found
configure:3217:   ../config.guess found
configure:3217:   ../config.sub found
configure:3217:   ../compile found
configure:3217:   ../missing found
configure:3199:   ../install-sh found
configure:3358: checking for a BSD-compatible install
configure:3431: result: /usr/bin/install -c
configure:3442: checking whether build environment is sane
configure:3497: result: yes
configure:3553: checking for wasm32-unknown-emscripten-strip
configure:3588: result: no
configure:3598: checking for strip
configure:3619: found /usr/bin/strip
configure:3630: result: strip
configure:3642: WARNING: using cross tools not prefixed with host triplet
configure:3656: checking for a race-free mkdir -p
configure:3700: result: /usr/bin/mkdir -p
configure:3707: checking for gawk
configure:3742: result: no
configure:3707: checking for mawk
configure:3728: found /usr/bin/mawk
configure:3739: result: mawk
configure:3750: checking whether make sets $(MAKE)
configure:3773: result: yes
configure:3803: checking whether make supports nested variables
configure:3821: result: yes
configure:3969: checking whether make supports nested variables
configure:3987: result: yes
configure:4018: checking for wasm32-unknown-emscripten-gcc
configure:4050: result: /emsdk/upstream/emscripten/emcc
configure:4448: checking for C compiler version
configure:4457: /emsdk/upstream/emscripten/emcc --version >&5
emcc (Emscripten gcc/clang-like replacement + linker emulating GNU ld) 5.0.4 (62e22652509fbe7a00609ce48a653d0d66f27ba5)
Copyright (C) 2026 the Emscripten authors (see AUTHORS.txt)
This is free and open source software under the MIT license.
There is NO warranty; not even for MERCHANTABILITY or FITNESS FOR A PARTICULAR PURPOSE.

configure:4468: $? = 0
configure:4457: /emsdk/upstream/emscripten/emcc -v >&5
emcc (Emscripten gcc/clang-like replacement + linker emulating GNU ld) 5.0.4 (62e22652509fbe7a00609ce48a653d0d66f27ba5)
clang version 23.0.0git (https:/github.com/llvm/llvm-project dcaab6dd99a33edbf98ad1ade0ea0d196b797910)
Target: wasm32-unknown-emscripten
Thread model: posix
InstalledDir: /emsdk/upstream/bin
configure:4468: $? = 0
configure:4457: /emsdk/upstream/emscripten/emcc -V >&5
emcc: error: no input files
configure:4468: $? = 1
configure:4457: /emsdk/upstream/emscripten/emcc -qversion >&5
emcc: error: no input files
configure:4468: $? = 1
configure:4457: /emsdk/upstream/emscripten/emcc -version >&5
emcc: error: no input files
configure:4468: $? = 1
configure:4488: checking whether the C compiler works
configure:4510: /emsdk/upstream/emscripten/emcc    conftest.c  >&5
configure:4514: $? = 0
configure:4564: result: yes
configure:4567: checking for C compiler default output file name
configure:4569: result: a.out
configure:4575: checking for suffix of executables
configure:4582: /emsdk/upstream/emscripten/emcc -o conftest    conftest.c  >&5
configure:4586: $? = 0
configure:4609: result: 
configure:4631: checking whether we are cross compiling
configure:4669: result: yes
configure:4674: checking for suffix of object files
configure:4697: /emsdk/upstream/emscripten/emcc -c   conftest.c >&5
configure:4701: $? = 0
configure:4723: result: o
configure:4727: checking whether the compiler supports GNU C
configure:4747: /emsdk/upstream/emscripten/emcc -c   conftest.c >&5
configure:4747: $? = 0
configure:4757: result: yes
configure:4768: checking whether /emsdk/upstream/emscripten/emcc accepts -g
configure:4789: /emsdk/upstream/emscripten/emcc -c -g  conftest.c >&5
configure:4789: $? = 0
configure:4833: result: yes
configure:4853: checking for /emsdk/upstream/emscripten/emcc option to enable C11 features
configure:4868: /emsdk/upstream/emscripten/emcc  -c -g -O2  conftest.c >&5
conftest.c:25:14: warning: a function definition without a prototype is deprecated in all versions of C and is not supported in C23 [-Wdeprecated-non-prototype]
   25 | static char *e (p, i)
      |              ^
1 warning generated.
configure:4868: $? = 0
configure:4886: result: none needed
configure:5002: checking whether /emsdk/upstream/emscripten/emcc understands -c and -o together
configure:5025: /emsdk/upstream/emscripten/emcc -c conftest.c -o conftest2.o
configure:5028: $? = 0
configure:5025: /emsdk/upstream/emscripten/emcc -c conftest.c -o conftest2.o
configure:5028: $? = 0
configure:5040: result: yes
configure:5060: checking whether make supports the include directive
configure:5075: make -f confmf.GNU && cat confinc.out
this is the am__doit target
configure:5078: $? = 0
configure:5097: result: yes (GNU style)
configure:5123: checking dependency style of /emsdk/upstream/emscripten/emcc
configure:5235: result: gcc3
configure:5378: checking for C++ compiler version
configure:5387: /emsdk/upstream/emscripten/em++ --version >&5
emcc (Emscripten gcc/clang-like replacement + linker emulating GNU ld) 5.0.4 (62e22652509fbe7a00609ce48a653d0d66f27ba5)
Copyright (C) 2026 the Emscripten authors (see AUTHORS.txt)
This is free and open source software under the MIT license.
There is NO warranty; not even for MERCHANTABILITY or FITNESS FOR A PARTICULAR PURPOSE.

configure:5398: $? = 0
configure:5387: /emsdk/upstream/emscripten/em++ -v >&5
emcc (Emscripten gcc/clang-like replacement + linker emulating GNU ld) 5.0.4 (62e22652509fbe7a00609ce48a653d0d66f27ba5)
clang version 23.0.0git (https:/github.com/llvm/llvm-project dcaab6dd99a33edbf98ad1ade0ea0d196b797910)
Target: wasm32-unknown-emscripten
Thread model: posix
InstalledDir: /emsdk/upstream/bin
configure:5398: $? = 0
configure:5387: /emsdk/upstream/emscripten/em++ -V >&5
em++: error: no input files
configure:5398: $? = 1
configure:5387: /emsdk/upstream/emscripten/em++ -qversion >&5
em++: error: no input files
configure:5398: $? = 1
configure:5402: checking whether the compiler supports GNU C++
configure:5422: /emsdk/upstream/emscripten/em++ -c   conftest.cpp >&5
configure:5422: $? = 0
configure:5432: result: yes
configure:5443: checking whether /emsdk/upstream/emscripten/em++ accepts -g
configure:5464: /emsdk/upstream/emscripten/em++ -c -g  conftest.cpp >&5
configure:5464: $? = 0
configure:5508: result: yes
configure:5528: checking for /emsdk/upstream/emscripten/em++ option to enable C++11 features
configure:5543: /emsdk/upstream/emscripten/em++  -c -g -O2  conftest.cpp >&5
conftest.cpp:177:25: warning: empty parentheses interpreted as a function declaration [-Wvexing-parse]
  177 |   cxx11test::delegate d2();
      |                         ^~
conftest.cpp:177:25: note: remove parentheses to declare a variable
  177 |   cxx11test::delegate d2();
      |                         ^~
1 warning generated.
configure:5543: $? = 0
configure:5561: result: none needed
configure:5627: checking dependency style of /emsdk/upstream/emscripten/em++
configure:5739: result: gcc3
configure:5759: checking how to run the C preprocessor
configure:5785: /emsdk/upstream/emscripten/emcc -E  conftest.c
configure:5785: $? = 0
configure:5800: /emsdk/upstream/emscripten/emcc -E  conftest.c
conftest.c:11:10: fatal error: 'ac_nonexistent.h' file not found
   11 | #include <ac_nonexistent.h>
      |          ^~~~~~~~~~~~~~~~~~
1 error generated.
configure:5800: $? = 1
configure: failed program was:
| /* confdefs.h */
| #define PACKAGE_NAME "ngspice"
| #define PACKAGE_TARNAME "ngspice"
| #define PACKAGE_VERSION "45.2"
| #define PACKAGE_STRING "ngspice 45.2"
| #define PACKAGE_BUGREPORT "http://ngspice.sourceforge.net/bugrep.html"
| #define PACKAGE_URL ""
| #define PACKAGE "ngspice"
| #define VERSION "45.2"
| /* end confdefs.h.  */
| #include <ac_nonexistent.h>
configure:5827: result: /emsdk/upstream/emscripten/emcc -E
configure:5841: /emsdk/upstream/emscripten/emcc -E  conftest.c
configure:5841: $? = 0
configure:5856: /emsdk/upstream/emscripten/emcc -E  conftest.c
conftest.c:11:10: fatal error: 'ac_nonexistent.h' file not found
   11 | #include <ac_nonexistent.h>
      |          ^~~~~~~~~~~~~~~~~~
1 error generated.
configure:5856: $? = 1
configure: failed program was:
| /* confdefs.h */
| #define PACKAGE_NAME "ngspice"
| #define PACKAGE_TARNAME "ngspice"
| #define PACKAGE_VERSION "45.2"
| #define PACKAGE_STRING "ngspice 45.2"
| #define PACKAGE_BUGREPORT "http://ngspice.sourceforge.net/bugrep.html"
| #define PACKAGE_URL ""
| #define PACKAGE "ngspice"
| #define VERSION "45.2"
| /* end confdefs.h.  */
| #include <ac_nonexistent.h>
configure:5893: checking build system type
configure:5908: result: x86_64-pc-linux-gnu
configure:5928: checking host system type
configure:5942: result: wasm32-unknown-emscripten
configure:6022: checking for gcc
configure:6043: found /usr/bin/gcc
configure:6054: result: gcc
configure:6407: checking for C compiler version
configure:6416: gcc --version >&5
gcc (Ubuntu 13.3.0-6ubuntu2~24.04.1) 13.3.0
Copyright (C) 2023 Free Software Foundation, Inc.
This is free software; see the source for copying conditions.  There is NO
warranty; not even for MERCHANTABILITY or FITNESS FOR A PARTICULAR PURPOSE.

configure:6427: $? = 0
configure:6416: gcc -v >&5
Using built-in specs.
COLLECT_GCC=gcc
COLLECT_LTO_WRAPPER=/usr/libexec/gcc/x86_64-linux-gnu/13/lto-wrapper
OFFLOAD_TARGET_NAMES=nvptx-none:amdgcn-amdhsa
OFFLOAD_TARGET_DEFAULT=1
Target: x86_64-linux-gnu
Configured with: ../src/configure -v --with-pkgversion='Ubuntu 13.3.0-6ubuntu2~24.04.1' --with-bugurl=file:///usr/share/doc/gcc-13/README.Bugs --enable-languages=c,ada,c++,go,d,fortran,objc,obj-c++,m2 --prefix=/usr --with-gcc-major-version-only --program-suffix=-13 --program-prefix=x86_64-linux-gnu- --enable-shared --enable-linker-build-id --libexecdir=/usr/libexec --without-included-gettext --enable-threads=posix --libdir=/usr/lib --enable-nls --enable-bootstrap --enable-clocale=gnu --enable-libstdcxx-debug --enable-libstdcxx-time=yes --with-default-libstdcxx-abi=new --enable-libstdcxx-backtrace --enable-gnu-unique-object --disable-vtable-verify --enable-plugin --enable-default-pie --with-system-zlib --enable-libphobos-checking=release --with-target-system-zlib=auto --enable-objc-gc=auto --enable-multiarch --disable-werror --enable-cet --with-arch-32=i686 --with-abi=m64 --with-multilib-list=m32,m64,mx32 --enable-multilib --with-tune=generic --enable-offload-targets=nvptx-none=/build/gcc-13-EldibY/gcc-13-13.3.0/debian/tmp-nvptx/usr,amdgcn-amdhsa=/build/gcc-13-EldibY/gcc-13-13.3.0/debian/tmp-gcn/usr --enable-offload-defaulted --without-cuda-driver --enable-checking=release --build=x86_64-linux-gnu --host=x86_64-linux-gnu --target=x86_64-linux-gnu --with-build-config=bootstrap-lto-lean --enable-link-serialization=2
Thread model: posix
Supported LTO compression algorithms: zlib zstd
gcc version 13.3.0 (Ubuntu 13.3.0-6ubuntu2~24.04.1) 
... rest of stderr output deleted ...
configure:6427: $? = 0
configure:6416: gcc -V >&5
gcc: error: unrecognized command-line option '-V'
gcc: fatal error: no input files
compilation terminated.
configure:6427: $? = 1
configure:6416: gcc -qversion >&5
gcc: error: unrecognized command-line option '-qversion'; did you mean '--version'?
gcc: fatal error: no input files
compilation terminated.
configure:6427: $? = 1
configure:6416: gcc -version >&5
gcc: error: unrecognized command-line option '-version'
gcc: fatal error: no input files
compilation terminated.
configure:6427: $? = 1
configure:6431: checking whether the compiler supports GNU C
configure:6461: result: yes
configure:6472: checking whether gcc accepts -g
configure:6493: /emsdk/upstream/emscripten/emcc -c -g -O2  conftest.c >&5
configure:6493: $? = 0
configure:6537: result: yes
configure:6557: checking for gcc option to enable C11 features
configure:6590: result: none needed
configure:6706: checking whether gcc understands -c and -o together
configure:6744: result: yes
configure:6763: checking dependency style of gcc
configure:6875: result: gcc3
configure:6895: checking how to run the C preprocessor
configure:6921: /emsdk/upstream/emscripten/emcc -E  conftest.c
configure:6921: $? = 0
configure:6936: /emsdk/upstream/emscripten/emcc -E  conftest.c
conftest.c:11:10: fatal error: 'ac_nonexistent.h' file not found
   11 | #include <ac_nonexistent.h>
      |          ^~~~~~~~~~~~~~~~~~
1 error generated.
configure:6936: $? = 1
configure: failed program was:
| /* confdefs.h */
| #define PACKAGE_NAME "ngspice"
| #define PACKAGE_TARNAME "ngspice"
| #define PACKAGE_VERSION "45.2"
| #define PACKAGE_STRING "ngspice 45.2"
| #define PACKAGE_BUGREPORT "http://ngspice.sourceforge.net/bugrep.html"
| #define PACKAGE_URL ""
| #define PACKAGE "ngspice"
| #define VERSION "45.2"
| /* end confdefs.h.  */
| #include <ac_nonexistent.h>
configure:6963: result: gcc -E
configure:6977: /emsdk/upstream/emscripten/emcc -E  conftest.c
configure:6977: $? = 0
configure:6992: /emsdk/upstream/emscripten/emcc -E  conftest.c
conftest.c:11:10: fatal error: 'ac_nonexistent.h' file not found
   11 | #include <ac_nonexistent.h>
      |          ^~~~~~~~~~~~~~~~~~
1 error generated.
configure:6992: $? = 1
configure: failed program was:
| /* confdefs.h */
| #define PACKAGE_NAME "ngspice"
| #define PACKAGE_TARNAME "ngspice"
| #define PACKAGE_VERSION "45.2"
| #define PACKAGE_STRING "ngspice 45.2"
| #define PACKAGE_BUGREPORT "http://ngspice.sourceforge.net/bugrep.html"
| #define PACKAGE_URL ""
| #define PACKAGE "ngspice"
| #define VERSION "45.2"
| /* end confdefs.h.  */
| #include <ac_nonexistent.h>
configure:7039: checking for wasm32-unknown-emscripten-ar
configure:7071: result: /emsdk/upstream/emscripten/emar
configure:7146: checking the archiver (/emsdk/upstream/emscripten/emar) interface
configure:7163: /emsdk/upstream/emscripten/emcc -c -g -O2  conftest.c >&5
configure:7163: $? = 0
configure:7166: /emsdk/upstream/emscripten/emar cru libconftest.a conftest.o >&5
configure:7169: $? = 0
configure:7197: result: ar
configure:7271: checking how to print strings
configure:7298: result: printf
configure:7319: checking for a sed that does not truncate output
configure:7389: result: /usr/bin/sed
configure:7407: checking for grep that handles long lines and -e
configure:7471: result: /usr/bin/grep
configure:7476: checking for egrep
configure:7544: result: /usr/bin/grep -E
configure:7549: checking for fgrep
configure:7617: result: /usr/bin/grep -F
configure:7653: checking for ld used by /emsdk/upstream/emscripten/emcc
emcc: error: no input files
configure:7721: result: /emsdk/upstream/emscripten/emcc
configure:7728: checking if the linker (/emsdk/upstream/emscripten/emcc) is GNU ld
configure:7744: result: yes
configure:7756: checking for BSD- or MS-compatible name lister (nm)
configure:7811: result: /emsdk/upstream/bin/llvm-nm
configure:7951: checking the name lister (/emsdk/upstream/bin/llvm-nm) interface
configure:7959: /emsdk/upstream/emscripten/emcc -c -g -O2  conftest.c >&5
configure:7962: /emsdk/upstream/bin/llvm-nm "conftest.o"
configure:7965: output
00000000 d .debug_abbrev
00000000 d .debug_line
00000000 d .debug_str
00000000 D some_variable
configure:7972: result: BSD nm
configure:7975: checking whether ln -s works
configure:7979: result: yes
configure:7987: checking the maximum length of command line arguments
configure:8119: result: 3145728
configure:8167: checking how to convert x86_64-pc-linux-gnu file names to wasm32-unknown-emscripten format
configure:8208: result: func_convert_file_noop
configure:8215: checking how to convert x86_64-pc-linux-gnu file names to toolchain format
configure:8236: result: func_convert_file_noop
configure:8243: checking for /emsdk/upstream/emscripten/emcc option to reload object files
configure:8251: result: -r
configure:8285: checking for wasm32-unknown-emscripten-file
configure:8320: result: no
configure:8330: checking for file
configure:8351: found /usr/bin/file
configure:8362: result: file
configure:8393: checking for wasm32-unknown-emscripten-objdump
configure:8428: result: no
configure:8438: checking for objdump
configure:8459: found /usr/bin/objdump
configure:8470: result: objdump
configure:8502: checking how to recognize dependent libraries
configure:8703: result: unknown
configure:8748: checking for wasm32-unknown-emscripten-dlltool
configure:8783: result: no
configure:8793: checking for dlltool
configure:8828: result: no
configure:8858: checking how to associate runtime and link libraries
configure:8886: result: printf %s\n
configure:8902: checking for wasm32-unknown-emscripten-ar
configure:8934: result: /emsdk/upstream/emscripten/emar
configure:9036: checking for archiver @FILE support
configure:9054: /emsdk/upstream/emscripten/emcc -c -g -O2  conftest.c >&5
configure:9054: $? = 0
configure:9058: /emsdk/upstream/emscripten/emar cr libconftest.a @conftest.lst >&5
configure:9061: $? = 0
configure:9066: /emsdk/upstream/emscripten/emar cr libconftest.a @conftest.lst >&5
/emsdk/upstream/bin/llvm-ar: error: conftest.o: No such file or directory
configure:9069: $? = 1
configure:9081: result: @
configure:9099: checking for wasm32-unknown-emscripten-strip
configure:9131: result: strip
configure:9208: checking for wasm32-unknown-emscripten-ranlib
configure:9240: result: /emsdk/upstream/emscripten/emranlib
configure:9387: checking command to parse /emsdk/upstream/bin/llvm-nm output from /emsdk/upstream/emscripten/emcc object
configure:9541: /emsdk/upstream/emscripten/emcc -c -g -O2  conftest.c >&5
configure:9544: $? = 0
configure:9548: /emsdk/upstream/bin/llvm-nm conftest.o | /usr/bin/sed -n -e 's/^.*[	 ]\([ABCDGIRSTW][ABCDGIRSTW]*\)[	 ][	 ]*\([_A-Za-z][_A-Za-z0-9]*\)$/\1 \2 \2/p' | /usr/bin/sed '/ __gnu_lto/d' > conftest.nm
configure:9614: /emsdk/upstream/emscripten/emcc -o conftest -g -O2   conftest.c conftstm.o >&5
emcc: warning: running limited binaryen optimizations because DWARF info requested (or indirectly required) [-Wlimited-postlink-optimizations]
configure:9617: $? = 0
configure:9655: result: ok
configure:9702: checking for sysroot
configure:9733: result: no
configure:9740: checking for a working dd
configure:9784: result: /usr/bin/dd
configure:9788: checking how to truncate binary pipes
configure:9804: result: /usr/bin/dd bs=4096 count=1
configure:10096: checking for wasm32-unknown-emscripten-mt
configure:10131: result: no
configure:10141: checking for mt
configure:10176: result: no
configure:10196: checking if : is a manifest tool
configure:10203: : '-?'
configure:10211: result: no
configure:10936: checking for stdio.h
configure:10936: /emsdk/upstream/emscripten/emcc -c -g -O2  conftest.c >&5
configure:10936: $? = 0
configure:10936: result: yes
configure:10936: checking for stdlib.h
configure:10936: /emsdk/upstream/emscripten/emcc -c -g -O2  conftest.c >&5
configure:10936: $? = 0
configure:10936: result: yes
configure:10936: checking for string.h
configure:10936: /emsdk/upstream/emscripten/emcc -c -g -O2  conftest.c >&5
configure:10936: $? = 0
configure:10936: result: yes
configure:10936: checking for inttypes.h
configure:10936: /emsdk/upstream/emscripten/emcc -c -g -O2  conftest.c >&5
configure:10936: $? = 0
configure:10936: result: yes
configure:10936: checking for stdint.h
configure:10936: /emsdk/upstream/emscripten/emcc -c -g -O2  conftest.c >&5
configure:10936: $? = 0
configure:10936: result: yes
configure:10936: checking for strings.h
configure:10936: /emsdk/upstream/emscripten/emcc -c -g -O2  conftest.c >&5
configure:10936: $? = 0
configure:10936: result: yes
configure:10936: checking for sys/stat.h
configure:10936: /emsdk/upstream/emscripten/emcc -c -g -O2  conftest.c >&5
configure:10936: $? = 0
configure:10936: result: yes
configure:10936: checking for sys/types.h
configure:10936: /emsdk/upstream/emscripten/emcc -c -g -O2  conftest.c >&5
configure:10936: $? = 0
configure:10936: result: yes
configure:10936: checking for unistd.h
configure:10936: /emsdk/upstream/emscripten/emcc -c -g -O2  conftest.c >&5
configure:10936: $? = 0
configure:10936: result: yes
configure:10936: checking for sys/select.h
configure:10936: /emsdk/upstream/emscripten/emcc -c -g -O2  conftest.c >&5
configure:10936: $? = 0
configure:10936: result: yes
configure:10936: checking for sys/socket.h
configure:10936: /emsdk/upstream/emscripten/emcc -c -g -O2  conftest.c >&5
configure:10936: $? = 0
configure:10936: result: yes
configure:10936: checking for vfork.h
configure:10936: /emsdk/upstream/emscripten/emcc -c -g -O2  conftest.c >&5
conftest.c:50:10: fatal error: 'vfork.h' file not found
   50 | #include <vfork.h>
      |          ^~~~~~~~~
1 error generated.
configure:10936: $? = 1
configure: failed program was:
| /* confdefs.h */
| #define PACKAGE_NAME "ngspice"
| #define PACKAGE_TARNAME "ngspice"
| #define PACKAGE_VERSION "45.2"
| #define PACKAGE_STRING "ngspice 45.2"
| #define PACKAGE_BUGREPORT "http://ngspice.sourceforge.net/bugrep.html"
| #define PACKAGE_URL ""
| #define PACKAGE "ngspice"
| #define VERSION "45.2"
| #define HAVE_STDIO_H 1
| #define HAVE_STDLIB_H 1
| #define HAVE_STRING_H 1
| #define HAVE_INTTYPES_H 1
| #define HAVE_STDINT_H 1
| #define HAVE_STRINGS_H 1
| #define HAVE_SYS_STAT_H 1
| #define HAVE_SYS_TYPES_H 1
| #define HAVE_UNISTD_H 1
| #define HAVE_SYS_SELECT_H 1
| #define HAVE_SYS_SOCKET_H 1
| /* end confdefs.h.  */
| #include <stddef.h>
| #ifdef HAVE_STDIO_H
| # include <stdio.h>
| #endif
| #ifdef HAVE_STDLIB_H
| # include <stdlib.h>
| #endif
| #ifdef HAVE_STRING_H
| # include <string.h>
| #endif
| #ifdef HAVE_INTTYPES_H
| # include <inttypes.h>
| #endif
| #ifdef HAVE_STDINT_H
| # include <stdint.h>
| #endif
| #ifdef HAVE_STRINGS_H
| # include <strings.h>
| #endif
| #ifdef HAVE_SYS_TYPES_H
| # include <sys/types.h>
| #endif
| #ifdef HAVE_SYS_STAT_H
| # include <sys/stat.h>
| #endif
| #ifdef HAVE_UNISTD_H
| # include <unistd.h>
| #endif
| #include <vfork.h>
configure:10936: result: no
configure:10961: checking for dlfcn.h
configure:10961: /emsdk/upstream/emscripten/emcc -c -g -O2  conftest.c >&5
configure:10961: $? = 0
configure:10961: result: yes
configure:11229: checking for objdir
configure:11245: result: .libs
configure:11509: checking if /emsdk/upstream/emscripten/emcc supports -fno-rtti -fno-exceptions
configure:11528: /emsdk/upstream/emscripten/emcc -c -g -O2  -fno-rtti -fno-exceptions conftest.c >&5
configure:11532: $? = 0
configure:11545: result: yes
configure:11909: checking for /emsdk/upstream/emscripten/emcc option to produce PIC
configure:11917: result: -fPIC -DPIC
configure:11925: checking if /emsdk/upstream/emscripten/emcc PIC flag -fPIC -DPIC works
configure:11944: /emsdk/upstream/emscripten/emcc -c -g -O2  -fPIC -DPIC -DPIC conftest.c >&5
configure:11948: $? = 0
configure:11961: result: yes
configure:11990: checking if /emsdk/upstream/emscripten/emcc static flag -static works
emcc: warning: running limited binaryen optimizations because DWARF info requested (or indirectly required) [-Wlimited-postlink-optimizations]
configure:12019: result: yes
configure:12034: checking if /emsdk/upstream/emscripten/emcc supports -c -o file.o
configure:12056: /emsdk/upstream/emscripten/emcc -c -g -O2  -o out/conftest2.o conftest.c >&5
configure:12060: $? = 0
configure:12082: result: yes
configure:12090: checking if /emsdk/upstream/emscripten/emcc supports -c -o file.o
configure:12138: result: yes
configure:12171: checking whether the /emsdk/upstream/emscripten/emcc linker (/emsdk/upstream/emscripten/emcc) supports shared libraries
configure:13445: result: yes
configure:13482: checking whether -lc should be explicitly linked in
configure:13491: /emsdk/upstream/emscripten/emcc -c -g -O2  conftest.c >&5
configure:13494: $? = 0
configure:13509: /emsdk/upstream/emscripten/emcc -shared  -fPIC -DPIC conftest.o  -v -Wl,-soname -Wl,conftest -o conftest 2\>\&1 \| /usr/bin/grep  -lc  \>/dev/null 2\>\&1
configure:13512: $? = 1
configure:13526: result: yes
configure:13686: checking dynamic linker characteristics
configure:14519: result: no
configure:14641: checking how to hardcode library paths into programs
configure:14666: result: immediate
configure:15218: checking whether stripping libraries is possible
configure:15227: result: yes
configure:15269: checking if libtool supports shared libraries
configure:15271: result: no
configure:15274: checking whether to build shared libraries
configure:15299: result: no
configure:15302: checking whether to build static libraries
configure:15306: result: yes
configure:15329: checking how to run the C++ preprocessor
configure:15351: /emsdk/upstream/emscripten/em++ -E  conftest.cpp
configure:15351: $? = 0
configure:15366: /emsdk/upstream/emscripten/em++ -E  conftest.cpp
conftest.cpp:25:10: fatal error: 'ac_nonexistent.h' file not found
   25 | #include <ac_nonexistent.h>
      |          ^~~~~~~~~~~~~~~~~~
1 error generated.
configure:15366: $? = 1
configure: failed program was:
| /* confdefs.h */
| #define PACKAGE_NAME "ngspice"
| #define PACKAGE_TARNAME "ngspice"
| #define PACKAGE_VERSION "45.2"
| #define PACKAGE_STRING "ngspice 45.2"
| #define PACKAGE_BUGREPORT "http://ngspice.sourceforge.net/bugrep.html"
| #define PACKAGE_URL ""
| #define PACKAGE "ngspice"
| #define VERSION "45.2"
| #define HAVE_STDIO_H 1
| #define HAVE_STDLIB_H 1
| #define HAVE_STRING_H 1
| #define HAVE_INTTYPES_H 1
| #define HAVE_STDINT_H 1
| #define HAVE_STRINGS_H 1
| #define HAVE_SYS_STAT_H 1
| #define HAVE_SYS_TYPES_H 1
| #define HAVE_UNISTD_H 1
| #define HAVE_SYS_SELECT_H 1
| #define HAVE_SYS_SOCKET_H 1
| #define STDC_HEADERS 1
| #define HAVE_DLFCN_H 1
| #define LT_OBJDIR ".libs/"
| /* end confdefs.h.  */
| #include <ac_nonexistent.h>
configure:15393: result: /emsdk/upstream/emscripten/em++ -E
configure:15407: /emsdk/upstream/emscripten/em++ -E  conftest.cpp
configure:15407: $? = 0
configure:15422: /emsdk/upstream/emscripten/em++ -E  conftest.cpp
conftest.cpp:25:10: fatal error: 'ac_nonexistent.h' file not found
   25 | #include <ac_nonexistent.h>
      |          ^~~~~~~~~~~~~~~~~~
1 error generated.
configure:15422: $? = 1
configure: failed program was:
| /* confdefs.h */
| #define PACKAGE_NAME "ngspice"
| #define PACKAGE_TARNAME "ngspice"
| #define PACKAGE_VERSION "45.2"
| #define PACKAGE_STRING "ngspice 45.2"
| #define PACKAGE_BUGREPORT "http://ngspice.sourceforge.net/bugrep.html"
| #define PACKAGE_URL ""
| #define PACKAGE "ngspice"
| #define VERSION "45.2"
| #define HAVE_STDIO_H 1
| #define HAVE_STDLIB_H 1
| #define HAVE_STRING_H 1
| #define HAVE_INTTYPES_H 1
| #define HAVE_STDINT_H 1
| #define HAVE_STRINGS_H 1
| #define HAVE_SYS_STAT_H 1
| #define HAVE_SYS_TYPES_H 1
| #define HAVE_UNISTD_H 1
| #define HAVE_SYS_SELECT_H 1
| #define HAVE_SYS_SOCKET_H 1
| #define STDC_HEADERS 1
| #define HAVE_DLFCN_H 1
| #define LT_OBJDIR ".libs/"
| /* end confdefs.h.  */
| #include <ac_nonexistent.h>
configure:15587: checking for ld used by /emsdk/upstream/emscripten/em++
em++: error: no input files
configure:15655: result: /emsdk/upstream/emscripten/emcc
configure:15662: checking if the linker (/emsdk/upstream/emscripten/emcc) is GNU ld
configure:15678: result: yes
configure:15733: checking whether the /emsdk/upstream/emscripten/em++ linker (/emsdk/upstream/emscripten/emcc) supports shared libraries
configure:16811: result: no
configure:16847: /emsdk/upstream/emscripten/em++ -c -g -O2  conftest.cpp >&5
configure:16850: $? = 0
configure:17331: checking for /emsdk/upstream/emscripten/em++ option to produce PIC
configure:17339: result: -fPIC -DPIC
configure:17347: checking if /emsdk/upstream/emscripten/em++ PIC flag -fPIC -DPIC works
configure:17366: /emsdk/upstream/emscripten/em++ -c -g -O2  -fPIC -DPIC -DPIC conftest.cpp >&5
configure:17370: $? = 0
configure:17383: result: yes
configure:17406: checking if /emsdk/upstream/emscripten/em++ static flag -static works
em++: warning: running limited binaryen optimizations because DWARF info requested (or indirectly required) [-Wlimited-postlink-optimizations]
configure:17435: result: yes
configure:17447: checking if /emsdk/upstream/emscripten/em++ supports -c -o file.o
configure:17469: /emsdk/upstream/emscripten/em++ -c -g -O2  -o out/conftest2.o conftest.cpp >&5
configure:17473: $? = 0
configure:17495: result: yes
configure:17500: checking if /emsdk/upstream/emscripten/em++ supports -c -o file.o
configure:17548: result: yes
configure:17578: checking whether the /emsdk/upstream/emscripten/em++ linker (/emsdk/upstream/emscripten/emcc) supports shared libraries
configure:17621: result: no
configure:17763: checking dynamic linker characteristics
configure:18523: result: no
configure:18588: checking how to hardcode library paths into programs
configure:18613: result: immediate
configure:19097: result: KLU solver enabled
configure:19115: checking whether to enable maintainer-specific portions of Makefiles
configure:19125: result: yes
configure:19161: result: Debugging option -g removed
configure:19201: checking for strings.h
configure:19201: result: yes
configure:19805: checking whether windows code with gui is enabled
configure:19824: result: no
configure:20001: checking for /proc/meminfo
configure:20001: /emsdk/upstream/emscripten/emcc -c -O2 -s -Wall -Wextra -Wmissing-prototypes -Wstrict-prototypes -Wnested-externs -Wold-style-definition -Wredundant-decls -Wconversion -Wno-unused-const-variable  conftest.c >&5
clang: warning: argument unused during compilation: '-s' [-Wunused-command-line-argument]
configure:20001: $? = 0
configure:20001: result: yes
configure:20015: checking for X
configure:20229: result: disabled
configure:20742: checking for _Bool
configure:20742: /emsdk/upstream/emscripten/emcc -c -O2 -s -Wall -Wextra -Wmissing-prototypes -Wstrict-prototypes -Wnested-externs -Wold-style-definition -Wredundant-decls -Wconversion -Wno-unused-const-variable  conftest.c >&5
clang: warning: argument unused during compilation: '-s' [-Wunused-command-line-argument]
configure:20742: $? = 0
configure:20742: /emsdk/upstream/emscripten/emcc -c -O2 -s -Wall -Wextra -Wmissing-prototypes -Wstrict-prototypes -Wnested-externs -Wold-style-definition -Wredundant-decls -Wconversion -Wno-unused-const-variable  conftest.c >&5
clang: warning: argument unused during compilation: '-s' [-Wunused-command-line-argument]
conftest.c:61:20: error: expected expression
   61 | if (sizeof ((_Bool)))
      |                    ^
1 error generated.
configure:20742: $? = 1
configure: failed program was:
| /* confdefs.h */
| #define PACKAGE_NAME "ngspice"
| #define PACKAGE_TARNAME "ngspice"
| #define PACKAGE_VERSION "45.2"
| #define PACKAGE_STRING "ngspice 45.2"
| #define PACKAGE_BUGREPORT "http://ngspice.sourceforge.net/bugrep.html"
| #define PACKAGE_URL ""
| #define PACKAGE "ngspice"
| #define VERSION "45.2"
| #define HAVE_STDIO_H 1
| #define HAVE_STDLIB_H 1
| #define HAVE_STRING_H 1
| #define HAVE_INTTYPES_H 1
| #define HAVE_STDINT_H 1
| #define HAVE_STRINGS_H 1
| #define HAVE_SYS_STAT_H 1
| #define HAVE_SYS_TYPES_H 1
| #define HAVE_UNISTD_H 1
| #define HAVE_SYS_SELECT_H 1
| #define HAVE_SYS_SOCKET_H 1
| #define STDC_HEADERS 1
| #define HAVE_DLFCN_H 1
| #define LT_OBJDIR ".libs/"
| #define KLU /**/
| #define HAVE_STRINGS_H 1
| #define OS_COMPILED 0
| #define HAVE__PROC_MEMINFO 1
| #define X_DISPLAY_MISSING 1
| /* end confdefs.h.  */
| #include <stddef.h>
| #ifdef HAVE_STDIO_H
| # include <stdio.h>
| #endif
| #ifdef HAVE_STDLIB_H
| # include <stdlib.h>
| #endif
| #ifdef HAVE_STRING_H
| # include <string.h>
| #endif
| #ifdef HAVE_INTTYPES_H
| # include <inttypes.h>
| #endif
| #ifdef HAVE_STDINT_H
| # include <stdint.h>
| #endif
| #ifdef HAVE_STRINGS_H
| # include <strings.h>
| #endif
| #ifdef HAVE_SYS_TYPES_H
| # include <sys/types.h>
| #endif
| #ifdef HAVE_SYS_STAT_H
| # include <sys/stat.h>
| #endif
| #ifdef HAVE_UNISTD_H
| # include <unistd.h>
| #endif
| int
| main (void)
| {
| if (sizeof ((_Bool)))
| 	    return 0;
|   ;
|   return 0;
| }
configure:20742: result: yes
configure:20751: checking for stdbool.h that conforms to C99
configure:20867: /emsdk/upstream/emscripten/emcc -c -O2 -s -Wall -Wextra -Wmissing-prototypes -Wstrict-prototypes -Wnested-externs -Wold-style-definition -Wredundant-decls -Wconversion -Wno-unused-const-variable  conftest.c >&5
clang: warning: argument unused during compilation: '-s' [-Wunused-command-line-argument]
conftest.c:116:25: warning: address of 's' will always evaluate to 'true' [-Wpointer-bool-conversion]
  116 |              bool ps = &s;
      |                   ~~    ^
conftest.c:121:28: warning: address of 't' will always evaluate to 'true' [-Wpointer-bool-conversion]
  121 |                _Bool pt = &t;
      |                      ~~    ^
conftest.c:131:55: warning: address of array 'y' will always evaluate to 'true' [-Wpointer-bool-conversion]
  131 |                      + !q + !r + !u + !v + !w + !x + !y + !z + !pt
      |                                                      ~^
conftest.c:131:50: warning: address of array 'x' will always evaluate to 'true' [-Wpointer-bool-conversion]
  131 |                      + !q + !r + !u + !v + !w + !x + !y + !z + !pt
      |                                                 ~^
conftest.c:131:45: warning: address of array 'w' will always evaluate to 'true' [-Wpointer-bool-conversion]
  131 |                      + !q + !r + !u + !v + !w + !x + !y + !z + !pt
      |                                            ~^
conftest.c:131:40: warning: address of array 'v' will always evaluate to 'true' [-Wpointer-bool-conversion]
  131 |                      + !q + !r + !u + !v + !w + !x + !y + !z + !pt
      |                                       ~^
conftest.c:131:35: warning: address of array 'u' will always evaluate to 'true' [-Wpointer-bool-conversion]
  131 |                      + !q + !r + !u + !v + !w + !x + !y + !z + !pt
      |                                  ~^
conftest.c:131:30: warning: address of array 'r' will always evaluate to 'true' [-Wpointer-bool-conversion]
  131 |                      + !q + !r + !u + !v + !w + !x + !y + !z + !pt
      |                             ~^
conftest.c:131:25: warning: address of array 'q' will always evaluate to 'true' [-Wpointer-bool-conversion]
  131 |                      + !q + !r + !u + !v + !w + !x + !y + !z + !pt
      |                        ~^
conftest.c:129:40: warning: address of array 'o' will always evaluate to 'true' [-Wpointer-bool-conversion]
  129 |                      + !l + !m + !n + !o + !p + !pp + !ps
      |                                       ~^
conftest.c:129:35: warning: address of array 'n' will always evaluate to 'true' [-Wpointer-bool-conversion]
  129 |                      + !l + !m + !n + !o + !p + !pp + !ps
      |                                  ~^
conftest.c:129:30: warning: address of array 'm' will always evaluate to 'true' [-Wpointer-bool-conversion]
  129 |                      + !l + !m + !n + !o + !p + !pp + !ps
      |                             ~^
conftest.c:129:25: warning: address of array 'l' will always evaluate to 'true' [-Wpointer-bool-conversion]
  129 |                      + !l + !m + !n + !o + !p + !pp + !ps
      |                        ~^
conftest.c:128:73: warning: address of array 'k' will always evaluate to 'true' [-Wpointer-bool-conversion]
  128 |              return (!a + !b + !c + !d + !e + !f + !g + !h + !i + !j + !k
      |                                                                        ~^
conftest.c:128:68: warning: address of array 'j' will always evaluate to 'true' [-Wpointer-bool-conversion]
  128 |              return (!a + !b + !c + !d + !e + !f + !g + !h + !i + !j + !k
      |                                                                   ~^
conftest.c:128:63: warning: address of array 'i' will always evaluate to 'true' [-Wpointer-bool-conversion]
  128 |              return (!a + !b + !c + !d + !e + !f + !g + !h + !i + !j + !k
      |                                                              ~^
conftest.c:128:38: warning: address of array 'd' will always evaluate to 'true' [-Wpointer-bool-conversion]
  128 |              return (!a + !b + !c + !d + !e + !f + !g + !h + !i + !j + !k
      |                                     ~^
conftest.c:128:33: warning: address of array 'c' will always evaluate to 'true' [-Wpointer-bool-conversion]
  128 |              return (!a + !b + !c + !d + !e + !f + !g + !h + !i + !j + !k
      |                                ~^
conftest.c:128:28: warning: address of array 'b' will always evaluate to 'true' [-Wpointer-bool-conversion]
  128 |              return (!a + !b + !c + !d + !e + !f + !g + !h + !i + !j + !k
      |                           ~^
conftest.c:128:23: warning: address of array 'a' will always evaluate to 'true' [-Wpointer-bool-conversion]
  128 |              return (!a + !b + !c + !d + !e + !f + !g + !h + !i + !j + !k
      |                      ~^
20 warnings generated.
configure:20867: $? = 0
configure:20875: result: yes
configure:20884: checking for size_t
configure:20884: /emsdk/upstream/emscripten/emcc -c -O2 -s -Wall -Wextra -Wmissing-prototypes -Wstrict-prototypes -Wnested-externs -Wold-style-definition -Wredundant-decls -Wconversion -Wno-unused-const-variable  conftest.c >&5
clang: warning: argument unused during compilation: '-s' [-Wunused-command-line-argument]
configure:20884: $? = 0
configure:20884: /emsdk/upstream/emscripten/emcc -c -O2 -s -Wall -Wextra -Wmissing-prototypes -Wstrict-prototypes -Wnested-externs -Wold-style-definition -Wredundant-decls -Wconversion -Wno-unused-const-variable  conftest.c >&5
clang: warning: argument unused during compilation: '-s' [-Wunused-command-line-argument]
conftest.c:63:21: error: expected expression
   63 | if (sizeof ((size_t)))
      |                     ^
1 error generated.
configure:20884: $? = 1
configure: failed program was:
| /* confdefs.h */
| #define PACKAGE_NAME "ngspice"
| #define PACKAGE_TARNAME "ngspice"
| #define PACKAGE_VERSION "45.2"
| #define PACKAGE_STRING "ngspice 45.2"
| #define PACKAGE_BUGREPORT "http://ngspice.sourceforge.net/bugrep.html"
| #define PACKAGE_URL ""
| #define PACKAGE "ngspice"
| #define VERSION "45.2"
| #define HAVE_STDIO_H 1
| #define HAVE_STDLIB_H 1
| #define HAVE_STRING_H 1
| #define HAVE_INTTYPES_H 1
| #define HAVE_STDINT_H 1
| #define HAVE_STRINGS_H 1
| #define HAVE_SYS_STAT_H 1
| #define HAVE_SYS_TYPES_H 1
| #define HAVE_UNISTD_H 1
| #define HAVE_SYS_SELECT_H 1
| #define HAVE_SYS_SOCKET_H 1
| #define STDC_HEADERS 1
| #define HAVE_DLFCN_H 1
| #define LT_OBJDIR ".libs/"
| #define KLU /**/
| #define HAVE_STRINGS_H 1
| #define OS_COMPILED 0
| #define HAVE__PROC_MEMINFO 1
| #define X_DISPLAY_MISSING 1
| #define HAVE__BOOL 1
| #define HAVE_STDBOOL_H 1
| /* end confdefs.h.  */
| #include <stddef.h>
| #ifdef HAVE_STDIO_H
| # include <stdio.h>
| #endif
| #ifdef HAVE_STDLIB_H
| # include <stdlib.h>
| #endif
| #ifdef HAVE_STRING_H
| # include <string.h>
| #endif
| #ifdef HAVE_INTTYPES_H
| # include <inttypes.h>
| #endif
| #ifdef HAVE_STDINT_H
| # include <stdint.h>
| #endif
| #ifdef HAVE_STRINGS_H
| # include <strings.h>
| #endif
| #ifdef HAVE_SYS_TYPES_H
| # include <sys/types.h>
| #endif
| #ifdef HAVE_SYS_STAT_H
| # include <sys/stat.h>
| #endif
| #ifdef HAVE_UNISTD_H
| # include <unistd.h>
| #endif
| int
| main (void)
| {
| if (sizeof ((size_t)))
| 	    return 0;
|   ;
|   return 0;
| }
configure:20884: result: yes
configure:20899: checking for dirent.h that defines DIR
configure:20919: /emsdk/upstream/emscripten/emcc -c -O2 -s -Wall -Wextra -Wmissing-prototypes -Wstrict-prototypes -Wnested-externs -Wold-style-definition -Wredundant-decls -Wconversion -Wno-unused-const-variable  conftest.c >&5
clang: warning: argument unused during compilation: '-s' [-Wunused-command-line-argument]
configure:20919: $? = 0
configure:20928: result: yes
configure:20942: checking for library containing opendir
configure:20972: /emsdk/upstream/emscripten/emcc -o conftest -O2 -s -Wall -Wextra -Wmissing-prototypes -Wstrict-prototypes -Wnested-externs -Wold-style-definition -Wredundant-decls -Wconversion -Wno-unused-const-variable   conftest.c  >&5
conftest.c:37:14: warning: a function declaration without a prototype is deprecated in all versions of C [-Wstrict-prototypes]
   37 | char opendir ();
      |              ^
      |               void
1 warning generated.
wasm-ld: warning: function signature mismatch: opendir
>>> defined as () -> i32 in /tmp/emscripten_temp_cyr70r9n/conftest.o
>>> defined as (i32) -> i32 in /emsdk/upstream/emscripten/cache/sysroot/lib/wasm32-emscripten/libc.a(opendir.o)
configure:20972: $? = 0
configure:20992: result: none required
configure:21063: checking whether closedir returns void
configure:21084: /emsdk/upstream/emscripten/emcc -c -O2 -s -Wall -Wextra -Wmissing-prototypes -Wstrict-prototypes -Wnested-externs -Wold-style-definition -Wredundant-decls -Wconversion -Wno-unused-const-variable  conftest.c >&5
clang: warning: argument unused during compilation: '-s' [-Wunused-command-line-argument]
configure:21084: $? = 0
configure:21092: result: no
configure:21103: checking types of arguments for select
configure:21133: /emsdk/upstream/emscripten/emcc -c -O2 -s -Wall -Wextra -Wmissing-prototypes -Wstrict-prototypes -Wnested-externs -Wold-style-definition -Wredundant-decls -Wconversion -Wno-unused-const-variable  conftest.c >&5
clang: warning: argument unused during compilation: '-s' [-Wunused-command-line-argument]
configure:21133: $? = 0
configure:21143: result: int,fd_set *,struct timeval *
configure:21164: checking for vprintf
configure:21164: /emsdk/upstream/emscripten/emcc -o conftest -O2 -s -Wall -Wextra -Wmissing-prototypes -Wstrict-prototypes -Wnested-externs -Wold-style-definition -Wredundant-decls -Wconversion -Wno-unused-const-variable   conftest.c  >&5
conftest.c:52:14: warning: a function declaration without a prototype is deprecated in all versions of C [-Wstrict-prototypes]
   52 | char vprintf ();
      |              ^
      |               void
conftest.c:52:6: warning: incompatible redeclaration of library function 'vprintf' [-Wincompatible-library-redeclaration]
   52 | char vprintf ();
      |      ^
conftest.c:52:6: note: 'vprintf' is a builtin with type 'int (const char *restrict, __builtin_va_list)'
2 warnings generated.
wasm-ld: warning: function signature mismatch: vprintf
>>> defined as () -> i32 in /tmp/emscripten_temp_ehyefixz/conftest.o
>>> defined as (i32, i32) -> i32 in /emsdk/upstream/emscripten/cache/sysroot/lib/wasm32-emscripten/libc.a(vprintf.o)
configure:21164: $? = 0
configure:21164: result: yes
configure:21164: checking for fork
configure:21164: /emsdk/upstream/emscripten/emcc -o conftest -O2 -s -Wall -Wextra -Wmissing-prototypes -Wstrict-prototypes -Wnested-externs -Wold-style-definition -Wredundant-decls -Wconversion -Wno-unused-const-variable   conftest.c  >&5
conftest.c:53:11: warning: a function declaration without a prototype is deprecated in all versions of C [-Wstrict-prototypes]
   53 | char fork ();
      |           ^
      |            void
1 warning generated.
configure:21164: $? = 0
configure:21164: result: yes
configure:21164: checking for vfork
configure:21164: /emsdk/upstream/emscripten/emcc -o conftest -O2 -s -Wall -Wextra -Wmissing-prototypes -Wstrict-prototypes -Wnested-externs -Wold-style-definition -Wredundant-decls -Wconversion -Wno-unused-const-variable   conftest.c  >&5
conftest.c:54:12: warning: a function declaration without a prototype is deprecated in all versions of C [-Wstrict-prototypes]
   54 | char vfork ();
      |            ^
      |             void
conftest.c:54:6: warning: incompatible redeclaration of library function 'vfork' [-Wincompatible-library-redeclaration]
   54 | char vfork ();
      |      ^
conftest.c:54:6: note: 'vfork' is a builtin with type 'int (void)'
2 warnings generated.
configure:21164: $? = 0
configure:21164: result: yes
configure:21191: checking if hard-coding of the X11 runtime library path is desired
configure:21207: result: no
configure:21536: result: No X display!
configure:21577: result: ngnutmeg ngsconvert ngproc2mod ngmultidec ngmakeidx nghelp are not made.
configure:21579: result: No internal help available.
configure:21597: checking for pid_t
configure:21597: /emsdk/upstream/emscripten/emcc -c -O2 -s -Wall -Wextra -Wmissing-prototypes -Wstrict-prototypes -Wnested-externs -Wold-style-definition -Wredundant-decls -Wconversion -Wno-unused-const-variable  conftest.c >&5
clang: warning: argument unused during compilation: '-s' [-Wunused-command-line-argument]
configure:21597: $? = 0
configure:21597: /emsdk/upstream/emscripten/emcc -c -O2 -s -Wall -Wextra -Wmissing-prototypes -Wstrict-prototypes -Wnested-externs -Wold-style-definition -Wredundant-decls -Wconversion -Wno-unused-const-variable  conftest.c >&5
clang: warning: argument unused during compilation: '-s' [-Wunused-command-line-argument]
conftest.c:73:20: error: expected expression
   73 | if (sizeof ((pid_t)))
      |                    ^
1 error generated.
configure:21597: $? = 1
configure: failed program was:
| /* confdefs.h */
| #define PACKAGE_NAME "ngspice"
| #define PACKAGE_TARNAME "ngspice"
| #define PACKAGE_VERSION "45.2"
| #define PACKAGE_STRING "ngspice 45.2"
| #define PACKAGE_BUGREPORT "http://ngspice.sourceforge.net/bugrep.html"
| #define PACKAGE_URL ""
| #define PACKAGE "ngspice"
| #define VERSION "45.2"
| #define HAVE_STDIO_H 1
| #define HAVE_STDLIB_H 1
| #define HAVE_STRING_H 1
| #define HAVE_INTTYPES_H 1
| #define HAVE_STDINT_H 1
| #define HAVE_STRINGS_H 1
| #define HAVE_SYS_STAT_H 1
| #define HAVE_SYS_TYPES_H 1
| #define HAVE_UNISTD_H 1
| #define HAVE_SYS_SELECT_H 1
| #define HAVE_SYS_SOCKET_H 1
| #define STDC_HEADERS 1
| #define HAVE_DLFCN_H 1
| #define LT_OBJDIR ".libs/"
| #define KLU /**/
| #define HAVE_STRINGS_H 1
| #define OS_COMPILED 0
| #define HAVE__PROC_MEMINFO 1
| #define X_DISPLAY_MISSING 1
| #define HAVE__BOOL 1
| #define HAVE_STDBOOL_H 1
| #define HAVE_DIRENT_H 1
| #define SELECT_TYPE_ARG1 int
| #define SELECT_TYPE_ARG234 (fd_set *)
| #define SELECT_TYPE_ARG5 (struct timeval *)
| #define HAVE_VPRINTF 1
| #define HAVE_FORK 1
| #define HAVE_VFORK 1
| #define X_DISPLAY_MISSING 1
| #define NOINTHELP 1
| /* end confdefs.h.  */
| #include <stddef.h>
| #ifdef HAVE_STDIO_H
| # include <stdio.h>
| #endif
| #ifdef HAVE_STDLIB_H
| # include <stdlib.h>
| #endif
| #ifdef HAVE_STRING_H
| # include <string.h>
| #endif
| #ifdef HAVE_INTTYPES_H
| # include <inttypes.h>
| #endif
| #ifdef HAVE_STDINT_H
| # include <stdint.h>
| #endif
| #ifdef HAVE_STRINGS_H
| # include <strings.h>
| #endif
| #ifdef HAVE_SYS_TYPES_H
| # include <sys/types.h>
| #endif
| #ifdef HAVE_SYS_STAT_H
| # include <sys/stat.h>
| #endif
| #ifdef HAVE_UNISTD_H
| # include <unistd.h>
| #endif
| 
| int
| main (void)
| {
| if (sizeof ((pid_t)))
| 	    return 0;
|   ;
|   return 0;
| }
configure:21597: result: yes
configure:21637: checking for sighandler_t
configure:21637: /emsdk/upstream/emscripten/emcc -c -O2 -s -Wall -Wextra -Wmissing-prototypes -Wstrict-prototypes -Wnested-externs -Wold-style-definition -Wredundant-decls -Wconversion -Wno-unused-const-variable  conftest.c >&5
clang: warning: argument unused during compilation: '-s' [-Wunused-command-line-argument]
conftest.c:47:13: error: use of undeclared identifier 'sighandler_t'
   47 | if (sizeof (sighandler_t))
      |             ^~~~~~~~~~~~
1 error generated.
configure:21637: $? = 1
configure: failed program was:
| /* confdefs.h */
| #define PACKAGE_NAME "ngspice"
| #define PACKAGE_TARNAME "ngspice"
| #define PACKAGE_VERSION "45.2"
| #define PACKAGE_STRING "ngspice 45.2"
| #define PACKAGE_BUGREPORT "http://ngspice.sourceforge.net/bugrep.html"
| #define PACKAGE_URL ""
| #define PACKAGE "ngspice"
| #define VERSION "45.2"
| #define HAVE_STDIO_H 1
| #define HAVE_STDLIB_H 1
| #define HAVE_STRING_H 1
| #define HAVE_INTTYPES_H 1
| #define HAVE_STDINT_H 1
| #define HAVE_STRINGS_H 1
| #define HAVE_SYS_STAT_H 1
| #define HAVE_SYS_TYPES_H 1
| #define HAVE_UNISTD_H 1
| #define HAVE_SYS_SELECT_H 1
| #define HAVE_SYS_SOCKET_H 1
| #define STDC_HEADERS 1
| #define HAVE_DLFCN_H 1
| #define LT_OBJDIR ".libs/"
| #define KLU /**/
| #define HAVE_STRINGS_H 1
| #define OS_COMPILED 0
| #define HAVE__PROC_MEMINFO 1
| #define X_DISPLAY_MISSING 1
| #define HAVE__BOOL 1
| #define HAVE_STDBOOL_H 1
| #define HAVE_DIRENT_H 1
| #define SELECT_TYPE_ARG1 int
| #define SELECT_TYPE_ARG234 (fd_set *)
| #define SELECT_TYPE_ARG5 (struct timeval *)
| #define HAVE_VPRINTF 1
| #define HAVE_FORK 1
| #define HAVE_VFORK 1
| #define X_DISPLAY_MISSING 1
| #define NOINTHELP 1
| /* end confdefs.h.  */
| #include <sys/types.h>
|      #include <signal.h>
| 
| int
| main (void)
| {
| if (sizeof (sighandler_t))
| 	 return 0;
|   ;
|   return 0;
| }
configure:21637: result: no
configure:21647: checking for sig_t
configure:21647: /emsdk/upstream/emscripten/emcc -c -O2 -s -Wall -Wextra -Wmissing-prototypes -Wstrict-prototypes -Wnested-externs -Wold-style-definition -Wredundant-decls -Wconversion -Wno-unused-const-variable  conftest.c >&5
clang: warning: argument unused during compilation: '-s' [-Wunused-command-line-argument]
configure:21647: $? = 0
configure:21647: /emsdk/upstream/emscripten/emcc -c -O2 -s -Wall -Wextra -Wmissing-prototypes -Wstrict-prototypes -Wnested-externs -Wold-style-definition -Wredundant-decls -Wconversion -Wno-unused-const-variable  conftest.c >&5
clang: warning: argument unused during compilation: '-s' [-Wunused-command-line-argument]
conftest.c:47:20: error: expected expression
   47 | if (sizeof ((sig_t)))
      |                    ^
1 error generated.
configure:21647: $? = 1
configure: failed program was:
| /* confdefs.h */
| #define PACKAGE_NAME "ngspice"
| #define PACKAGE_TARNAME "ngspice"
| #define PACKAGE_VERSION "45.2"
| #define PACKAGE_STRING "ngspice 45.2"
| #define PACKAGE_BUGREPORT "http://ngspice.sourceforge.net/bugrep.html"
| #define PACKAGE_URL ""
| #define PACKAGE "ngspice"
| #define VERSION "45.2"
| #define HAVE_STDIO_H 1
| #define HAVE_STDLIB_H 1
| #define HAVE_STRING_H 1
| #define HAVE_INTTYPES_H 1
| #define HAVE_STDINT_H 1
| #define HAVE_STRINGS_H 1
| #define HAVE_SYS_STAT_H 1
| #define HAVE_SYS_TYPES_H 1
| #define HAVE_UNISTD_H 1
| #define HAVE_SYS_SELECT_H 1
| #define HAVE_SYS_SOCKET_H 1
| #define STDC_HEADERS 1
| #define HAVE_DLFCN_H 1
| #define LT_OBJDIR ".libs/"
| #define KLU /**/
| #define HAVE_STRINGS_H 1
| #define OS_COMPILED 0
| #define HAVE__PROC_MEMINFO 1
| #define X_DISPLAY_MISSING 1
| #define HAVE__BOOL 1
| #define HAVE_STDBOOL_H 1
| #define HAVE_DIRENT_H 1
| #define SELECT_TYPE_ARG1 int
| #define SELECT_TYPE_ARG234 (fd_set *)
| #define SELECT_TYPE_ARG5 (struct timeval *)
| #define HAVE_VPRINTF 1
| #define HAVE_FORK 1
| #define HAVE_VFORK 1
| #define X_DISPLAY_MISSING 1
| #define NOINTHELP 1
| /* end confdefs.h.  */
| #include <sys/types.h>
|      #include <signal.h>
| 
| int
| main (void)
| {
| if (sizeof ((sig_t)))
| 	    return 0;
|   ;
|   return 0;
| }
configure:21647: result: yes
configure:21657: checking for __sighandler_t
configure:21657: /emsdk/upstream/emscripten/emcc -c -O2 -s -Wall -Wextra -Wmissing-prototypes -Wstrict-prototypes -Wnested-externs -Wold-style-definition -Wredundant-decls -Wconversion -Wno-unused-const-variable  conftest.c >&5
clang: warning: argument unused during compilation: '-s' [-Wunused-command-line-argument]
conftest.c:48:13: error: use of undeclared identifier '__sighandler_t'
   48 | if (sizeof (__sighandler_t))
      |             ^~~~~~~~~~~~~~
1 error generated.
configure:21657: $? = 1
configure: failed program was:
| /* confdefs.h */
| #define PACKAGE_NAME "ngspice"
| #define PACKAGE_TARNAME "ngspice"
| #define PACKAGE_VERSION "45.2"
| #define PACKAGE_STRING "ngspice 45.2"
| #define PACKAGE_BUGREPORT "http://ngspice.sourceforge.net/bugrep.html"
| #define PACKAGE_URL ""
| #define PACKAGE "ngspice"
| #define VERSION "45.2"
| #define HAVE_STDIO_H 1
| #define HAVE_STDLIB_H 1
| #define HAVE_STRING_H 1
| #define HAVE_INTTYPES_H 1
| #define HAVE_STDINT_H 1
| #define HAVE_STRINGS_H 1
| #define HAVE_SYS_STAT_H 1
| #define HAVE_SYS_TYPES_H 1
| #define HAVE_UNISTD_H 1
| #define HAVE_SYS_SELECT_H 1
| #define HAVE_SYS_SOCKET_H 1
| #define STDC_HEADERS 1
| #define HAVE_DLFCN_H 1
| #define LT_OBJDIR ".libs/"
| #define KLU /**/
| #define HAVE_STRINGS_H 1
| #define OS_COMPILED 0
| #define HAVE__PROC_MEMINFO 1
| #define X_DISPLAY_MISSING 1
| #define HAVE__BOOL 1
| #define HAVE_STDBOOL_H 1
| #define HAVE_DIRENT_H 1
| #define SELECT_TYPE_ARG1 int
| #define SELECT_TYPE_ARG234 (fd_set *)
| #define SELECT_TYPE_ARG5 (struct timeval *)
| #define HAVE_VPRINTF 1
| #define HAVE_FORK 1
| #define HAVE_VFORK 1
| #define X_DISPLAY_MISSING 1
| #define NOINTHELP 1
| #define HAVE_SIG_T 1
| /* end confdefs.h.  */
| #include <sys/types.h>
|      #include <signal.h>
| 
| int
| main (void)
| {
| if (sizeof (__sighandler_t))
| 	 return 0;
|   ;
|   return 0;
| }
configure:21657: result: no
configure:21673: checking for dirent.h that defines DIR
configure:21702: result: yes
configure:21716: checking for library containing opendir
configure:21766: result: none required
configure:21837: checking for unistd.h
configure:21837: result: yes
configure:21843: checking for ctype.h
configure:21843: /emsdk/upstream/emscripten/emcc -c -O2 -s -Wall -Wextra -Wmissing-prototypes -Wstrict-prototypes -Wnested-externs -Wold-style-definition -Wredundant-decls -Wconversion -Wno-unused-const-variable  conftest.c >&5
clang: warning: argument unused during compilation: '-s' [-Wunused-command-line-argument]
configure:21843: $? = 0
configure:21843: result: yes
configure:21849: checking for pwd.h
configure:21849: /emsdk/upstream/emscripten/emcc -c -O2 -s -Wall -Wextra -Wmissing-prototypes -Wstrict-prototypes -Wnested-externs -Wold-style-definition -Wredundant-decls -Wconversion -Wno-unused-const-variable  conftest.c >&5
clang: warning: argument unused during compilation: '-s' [-Wunused-command-line-argument]
configure:21849: $? = 0
configure:21849: result: yes
configure:21855: checking for fcntl.h
configure:21855: /emsdk/upstream/emscripten/emcc -c -O2 -s -Wall -Wextra -Wmissing-prototypes -Wstrict-prototypes -Wnested-externs -Wold-style-definition -Wredundant-decls -Wconversion -Wno-unused-const-variable  conftest.c >&5
clang: warning: argument unused during compilation: '-s' [-Wunused-command-line-argument]
configure:21855: $? = 0
configure:21855: result: yes
configure:21861: checking for sys/ioctl.h
configure:21861: /emsdk/upstream/emscripten/emcc -c -O2 -s -Wall -Wextra -Wmissing-prototypes -Wstrict-prototypes -Wnested-externs -Wold-style-definition -Wredundant-decls -Wconversion -Wno-unused-const-variable  conftest.c >&5
clang: warning: argument unused during compilation: '-s' [-Wunused-command-line-argument]
configure:21861: $? = 0
configure:21861: result: yes
configure:21867: checking for stropts.h
configure:21867: /emsdk/upstream/emscripten/emcc -c -O2 -s -Wall -Wextra -Wmissing-prototypes -Wstrict-prototypes -Wnested-externs -Wold-style-definition -Wredundant-decls -Wconversion -Wno-unused-const-variable  conftest.c >&5
clang: warning: argument unused during compilation: '-s' [-Wunused-command-line-argument]
configure:21867: $? = 0
configure:21867: result: yes
configure:21874: checking for sys/wait.h that is POSIX.1 compatible
configure:21901: /emsdk/upstream/emscripten/emcc -c -O2 -s -Wall -Wextra -Wmissing-prototypes -Wstrict-prototypes -Wnested-externs -Wold-style-definition -Wredundant-decls -Wconversion -Wno-unused-const-variable  conftest.c >&5
clang: warning: argument unused during compilation: '-s' [-Wunused-command-line-argument]
configure:21901: $? = 0
configure:21909: result: yes
configure:21917: checking whether stat file-mode macros are broken
configure:21945: /emsdk/upstream/emscripten/emcc -c -O2 -s -Wall -Wextra -Wmissing-prototypes -Wstrict-prototypes -Wnested-externs -Wold-style-definition -Wredundant-decls -Wconversion -Wno-unused-const-variable  conftest.c >&5
clang: warning: argument unused during compilation: '-s' [-Wunused-command-line-argument]
configure:21945: $? = 0
configure:21953: result: no
configure:21962: checking for arpa/inet.h
configure:21962: /emsdk/upstream/emscripten/emcc -c -O2 -s -Wall -Wextra -Wmissing-prototypes -Wstrict-prototypes -Wnested-externs -Wold-style-definition -Wredundant-decls -Wconversion -Wno-unused-const-variable  conftest.c >&5
clang: warning: argument unused during compilation: '-s' [-Wunused-command-line-argument]
configure:21962: $? = 0
configure:21962: result: yes
configure:21968: checking for netdb.h
configure:21968: /emsdk/upstream/emscripten/emcc -c -O2 -s -Wall -Wextra -Wmissing-prototypes -Wstrict-prototypes -Wnested-externs -Wold-style-definition -Wredundant-decls -Wconversion -Wno-unused-const-variable  conftest.c >&5
clang: warning: argument unused during compilation: '-s' [-Wunused-command-line-argument]
configure:21968: $? = 0
configure:21968: result: yes
configure:21974: checking for netinet/in.h
configure:21974: /emsdk/upstream/emscripten/emcc -c -O2 -s -Wall -Wextra -Wmissing-prototypes -Wstrict-prototypes -Wnested-externs -Wold-style-definition -Wredundant-decls -Wconversion -Wno-unused-const-variable  conftest.c >&5
clang: warning: argument unused during compilation: '-s' [-Wunused-command-line-argument]
configure:21974: $? = 0
configure:21974: result: yes
configure:21980: checking for stddef.h
configure:21980: /emsdk/upstream/emscripten/emcc -c -O2 -s -Wall -Wextra -Wmissing-prototypes -Wstrict-prototypes -Wnested-externs -Wold-style-definition -Wredundant-decls -Wconversion -Wno-unused-const-variable  conftest.c >&5
clang: warning: argument unused during compilation: '-s' [-Wunused-command-line-argument]
configure:21980: $? = 0
configure:21980: result: yes
configure:21986: checking for sys/file.h
configure:21986: /emsdk/upstream/emscripten/emcc -c -O2 -s -Wall -Wextra -Wmissing-prototypes -Wstrict-prototypes -Wnested-externs -Wold-style-definition -Wredundant-decls -Wconversion -Wno-unused-const-variable  conftest.c >&5
clang: warning: argument unused during compilation: '-s' [-Wunused-command-line-argument]
configure:21986: $? = 0
configure:21986: result: yes
configure:21992: checking for sys/param.h
configure:21992: /emsdk/upstream/emscripten/emcc -c -O2 -s -Wall -Wextra -Wmissing-prototypes -Wstrict-prototypes -Wnested-externs -Wold-style-definition -Wredundant-decls -Wconversion -Wno-unused-const-variable  conftest.c >&5
clang: warning: argument unused during compilation: '-s' [-Wunused-command-line-argument]
configure:21992: $? = 0
configure:21992: result: yes
configure:21998: checking for sys/socket.h
configure:21998: result: yes
configure:22004: checking for sys/time.h
configure:22004: /emsdk/upstream/emscripten/emcc -c -O2 -s -Wall -Wextra -Wmissing-prototypes -Wstrict-prototypes -Wnested-externs -Wold-style-definition -Wredundant-decls -Wconversion -Wno-unused-const-variable  conftest.c >&5
clang: warning: argument unused during compilation: '-s' [-Wunused-command-line-argument]
configure:22004: $? = 0
configure:22004: result: yes
configure:22010: checking for sys/timeb.h
configure:22010: /emsdk/upstream/emscripten/emcc -c -O2 -s -Wall -Wextra -Wmissing-prototypes -Wstrict-prototypes -Wnested-externs -Wold-style-definition -Wredundant-decls -Wconversion -Wno-unused-const-variable  conftest.c >&5
clang: warning: argument unused during compilation: '-s' [-Wunused-command-line-argument]
configure:22010: $? = 0
configure:22010: result: yes
configure:22016: checking for sys/io.h
configure:22016: /emsdk/upstream/emscripten/emcc -c -O2 -s -Wall -Wextra -Wmissing-prototypes -Wstrict-prototypes -Wnested-externs -Wold-style-definition -Wredundant-decls -Wconversion -Wno-unused-const-variable  conftest.c >&5
clang: warning: argument unused during compilation: '-s' [-Wunused-command-line-argument]
conftest.c:87:10: fatal error: 'sys/io.h' file not found
   87 | #include <sys/io.h>
      |          ^~~~~~~~~~
1 error generated.
configure:22016: $? = 1
configure: failed program was:
| /* confdefs.h */
| #define PACKAGE_NAME "ngspice"
| #define PACKAGE_TARNAME "ngspice"
| #define PACKAGE_VERSION "45.2"
| #define PACKAGE_STRING "ngspice 45.2"
| #define PACKAGE_BUGREPORT "http://ngspice.sourceforge.net/bugrep.html"
| #define PACKAGE_URL ""
| #define PACKAGE "ngspice"
| #define VERSION "45.2"
| #define HAVE_STDIO_H 1
| #define HAVE_STDLIB_H 1
| #define HAVE_STRING_H 1
| #define HAVE_INTTYPES_H 1
| #define HAVE_STDINT_H 1
| #define HAVE_STRINGS_H 1
| #define HAVE_SYS_STAT_H 1
| #define HAVE_SYS_TYPES_H 1
| #define HAVE_UNISTD_H 1
| #define HAVE_SYS_SELECT_H 1
| #define HAVE_SYS_SOCKET_H 1
| #define STDC_HEADERS 1
| #define HAVE_DLFCN_H 1
| #define LT_OBJDIR ".libs/"
| #define KLU /**/
| #define HAVE_STRINGS_H 1
| #define OS_COMPILED 0
| #define HAVE__PROC_MEMINFO 1
| #define X_DISPLAY_MISSING 1
| #define HAVE__BOOL 1
| #define HAVE_STDBOOL_H 1
| #define HAVE_DIRENT_H 1
| #define SELECT_TYPE_ARG1 int
| #define SELECT_TYPE_ARG234 (fd_set *)
| #define SELECT_TYPE_ARG5 (struct timeval *)
| #define HAVE_VPRINTF 1
| #define HAVE_FORK 1
| #define HAVE_VFORK 1
| #define X_DISPLAY_MISSING 1
| #define NOINTHELP 1
| #define HAVE_SIG_T 1
| #define HAVE_DIRENT_H 1
| #define HAVE_UNISTD_H 1
| #define HAVE_CTYPE_H 1
| #define HAVE_PWD_H 1
| #define HAVE_FCNTL_H 1
| #define HAVE_SYS_IOCTL_H 1
| #define HAVE_STROPTS_H 1
| #define HAVE_SYS_WAIT_H 1
| #define HAVE_ARPA_INET_H 1
| #define HAVE_NETDB_H 1
| #define HAVE_NETINET_IN_H 1
| #define HAVE_STDDEF_H 1
| #define HAVE_SYS_FILE_H 1
| #define HAVE_SYS_PARAM_H 1
| #define HAVE_SYS_SOCKET_H 1
| #define HAVE_SYS_TIME_H 1
| #define HAVE_SYS_TIMEB_H 1
| /* end confdefs.h.  */
| #include <stddef.h>
| #ifdef HAVE_STDIO_H
| # include <stdio.h>
| #endif
| #ifdef HAVE_STDLIB_H
| # include <stdlib.h>
| #endif
| #ifdef HAVE_STRING_H
| # include <string.h>
| #endif
| #ifdef HAVE_INTTYPES_H
| # include <inttypes.h>
| #endif
| #ifdef HAVE_STDINT_H
| # include <stdint.h>
| #endif
| #ifdef HAVE_STRINGS_H
| # include <strings.h>
| #endif
| #ifdef HAVE_SYS_TYPES_H
| # include <sys/types.h>
| #endif
| #ifdef HAVE_SYS_STAT_H
| # include <sys/stat.h>
| #endif
| #ifdef HAVE_UNISTD_H
| # include <unistd.h>
| #endif
| #include <sys/io.h>
configure:22016: result: no
configure:22026: checking whether struct tm is in sys/time.h or time.h
configure:22047: /emsdk/upstream/emscripten/emcc -c -O2 -s -Wall -Wextra -Wmissing-prototypes -Wstrict-prototypes -Wnested-externs -Wold-style-definition -Wredundant-decls -Wconversion -Wno-unused-const-variable  conftest.c >&5
clang: warning: argument unused during compilation: '-s' [-Wunused-command-line-argument]
configure:22047: $? = 0
configure:22055: result: time.h
configure:22063: checking for /emsdk/upstream/emscripten/emcc options needed to detect all undeclared functions
configure:22085: /emsdk/upstream/emscripten/emcc -c -O2 -s -Wall -Wextra -Wmissing-prototypes -Wstrict-prototypes -Wnested-externs -Wold-style-definition -Wredundant-decls -Wconversion -Wno-unused-const-variable   conftest.c >&5
clang: warning: argument unused during compilation: '-s' [-Wunused-command-line-argument]
conftest.c:63:8: error: call to undeclared library function 'strchr' with type 'char *(const char *, int)'; ISO C99 and later do not support implicit function declarations [-Wimplicit-function-declaration]
   63 | (void) strchr;
      |        ^
conftest.c:63:8: note: include the header <string.h> or explicitly provide a declaration for 'strchr'
1 error generated.
configure:22085: $? = 1
configure: failed program was:
| /* confdefs.h */
| #define PACKAGE_NAME "ngspice"
| #define PACKAGE_TARNAME "ngspice"
| #define PACKAGE_VERSION "45.2"
| #define PACKAGE_STRING "ngspice 45.2"
| #define PACKAGE_BUGREPORT "http://ngspice.sourceforge.net/bugrep.html"
| #define PACKAGE_URL ""
| #define PACKAGE "ngspice"
| #define VERSION "45.2"
| #define HAVE_STDIO_H 1
| #define HAVE_STDLIB_H 1
| #define HAVE_STRING_H 1
| #define HAVE_INTTYPES_H 1
| #define HAVE_STDINT_H 1
| #define HAVE_STRINGS_H 1
| #define HAVE_SYS_STAT_H 1
| #define HAVE_SYS_TYPES_H 1
| #define HAVE_UNISTD_H 1
| #define HAVE_SYS_SELECT_H 1
| #define HAVE_SYS_SOCKET_H 1
| #define STDC_HEADERS 1
| #define HAVE_DLFCN_H 1
| #define LT_OBJDIR ".libs/"
| #define KLU /**/
| #define HAVE_STRINGS_H 1
| #define OS_COMPILED 0
| #define HAVE__PROC_MEMINFO 1
| #define X_DISPLAY_MISSING 1
| #define HAVE__BOOL 1
| #define HAVE_STDBOOL_H 1
| #define HAVE_DIRENT_H 1
| #define SELECT_TYPE_ARG1 int
| #define SELECT_TYPE_ARG234 (fd_set *)
| #define SELECT_TYPE_ARG5 (struct timeval *)
| #define HAVE_VPRINTF 1
| #define HAVE_FORK 1
| #define HAVE_VFORK 1
| #define X_DISPLAY_MISSING 1
| #define NOINTHELP 1
| #define HAVE_SIG_T 1
| #define HAVE_DIRENT_H 1
| #define HAVE_UNISTD_H 1
| #define HAVE_CTYPE_H 1
| #define HAVE_PWD_H 1
| #define HAVE_FCNTL_H 1
| #define HAVE_SYS_IOCTL_H 1
| #define HAVE_STROPTS_H 1
| #define HAVE_SYS_WAIT_H 1
| #define HAVE_ARPA_INET_H 1
| #define HAVE_NETDB_H 1
| #define HAVE_NETINET_IN_H 1
| #define HAVE_STDDEF_H 1
| #define HAVE_SYS_FILE_H 1
| #define HAVE_SYS_PARAM_H 1
| #define HAVE_SYS_SOCKET_H 1
| #define HAVE_SYS_TIME_H 1
| #define HAVE_SYS_TIMEB_H 1
| /* end confdefs.h.  */
| 
| int
| main (void)
| {
| (void) strchr;
|   ;
|   return 0;
| }
configure:22112: /emsdk/upstream/emscripten/emcc -c -O2 -s -Wall -Wextra -Wmissing-prototypes -Wstrict-prototypes -Wnested-externs -Wold-style-definition -Wredundant-decls -Wconversion -Wno-unused-const-variable   conftest.c >&5
clang: warning: argument unused during compilation: '-s' [-Wunused-command-line-argument]
configure:22112: $? = 0
configure:22129: result: none needed
configure:22143: checking for struct tm.tm_zone
configure:22143: /emsdk/upstream/emscripten/emcc -c -O2 -s -Wall -Wextra -Wmissing-prototypes -Wstrict-prototypes -Wnested-externs -Wold-style-definition -Wredundant-decls -Wconversion -Wno-unused-const-variable  conftest.c >&5
clang: warning: argument unused during compilation: '-s' [-Wunused-command-line-argument]
configure:22143: $? = 0
configure:22143: result: yes
configure:22209: checking for time
configure:22209: /emsdk/upstream/emscripten/emcc -o conftest -O2 -s -Wall -Wextra -Wmissing-prototypes -Wstrict-prototypes -Wnested-externs -Wold-style-definition -Wredundant-decls -Wconversion -Wno-unused-const-variable   conftest.c   >&5
conftest.c:77:11: warning: a function declaration without a prototype is deprecated in all versions of C [-Wstrict-prototypes]
   77 | char time ();
      |           ^
      |            void
1 warning generated.
wasm-ld: warning: function signature mismatch: time
>>> defined as () -> i32 in /tmp/emscripten_temp_7wbxqxyf/conftest.o
>>> defined as (i32) -> i64 in /emsdk/upstream/emscripten/cache/sysroot/lib/wasm32-emscripten/libc.a(emscripten_time.o)
configure:22209: $? = 0
configure:22209: result: yes
configure:22215: checking for localtime
configure:22215: /emsdk/upstream/emscripten/emcc -o conftest -O2 -s -Wall -Wextra -Wmissing-prototypes -Wstrict-prototypes -Wnested-externs -Wold-style-definition -Wredundant-decls -Wconversion -Wno-unused-const-variable   conftest.c   >&5
conftest.c:78:16: warning: a function declaration without a prototype is deprecated in all versions of C [-Wstrict-prototypes]
   78 | char localtime ();
      |                ^
      |                 void
1 warning generated.
wasm-ld: warning: function signature mismatch: localtime
>>> defined as () -> i32 in /tmp/emscripten_temp_8371bk9m/conftest.o
>>> defined as (i32) -> i32 in /emsdk/upstream/emscripten/cache/sysroot/lib/wasm32-emscripten/libc.a(localtime.o)
configure:22215: $? = 0
configure:22215: result: yes
configure:22223: checking for queryperformancecounter
configure:22223: /emsdk/upstream/emscripten/emcc -o conftest -O2 -s -Wall -Wextra -Wmissing-prototypes -Wstrict-prototypes -Wnested-externs -Wold-style-definition -Wredundant-decls -Wconversion -Wno-unused-const-variable   conftest.c   >&5
conftest.c:79:30: warning: a function declaration without a prototype is deprecated in all versions of C [-Wstrict-prototypes]
   79 | char queryperformancecounter ();
      |                              ^
      |                               void
1 warning generated.
wasm-ld: error: /tmp/emscripten_temp_2zq4g2kv/conftest.o: undefined symbol: queryperformancecounter
emcc: error: '/emsdk/upstream/bin/wasm-ld -o conftest.wasm /tmp/tmpc8e3yq5nlibemscripten_js_symbols.so --strip-debug --export=_emscripten_stack_alloc --export=__funcs_on_exit --export=__wasm_call_ctors --export=emscripten_stack_get_current --export=_emscripten_stack_restore --export-if-defined=__start_em_asm --export-if-defined=__stop_em_asm --export-if-defined=__start_em_lib_deps --export-if-defined=__stop_em_lib_deps --export-if-defined=__start_em_js --export-if-defined=__stop_em_js --export-if-defined=main --export-if-defined=__main_argc_argv --export-if-defined=fflush --export-table -z stack-size=65536 --no-growable-memory --initial-heap=16777216 --no-entry --no-stack-first --table-base=1 --global-base=1024 -s /tmp/emscripten_temp_2zq4g2kv/conftest.o -L/emsdk/upstream/emscripten/cache/sysroot/lib/wasm32-emscripten -L/emsdk/upstream/emscripten/src/lib -lGL-getprocaddr -lal -lhtml5 -lstubs -lc -ldlmalloc -lcompiler_rt -lc++-noexcept -lc++abi-noexcept -lsockets --keep-section=target_features -mllvm -combiner-global-alias-analysis=false -mllvm -enable-emscripten-sjlj -mllvm -disable-lsr' failed (returned 1)
configure:22223: $? = 1
configure: failed program was:
| /* confdefs.h */
| #define PACKAGE_NAME "ngspice"
| #define PACKAGE_TARNAME "ngspice"
| #define PACKAGE_VERSION "45.2"
| #define PACKAGE_STRING "ngspice 45.2"
| #define PACKAGE_BUGREPORT "http://ngspice.sourceforge.net/bugrep.html"
| #define PACKAGE_URL ""
| #define PACKAGE "ngspice"
| #define VERSION "45.2"
| #define HAVE_STDIO_H 1
| #define HAVE_STDLIB_H 1
| #define HAVE_STRING_H 1
| #define HAVE_INTTYPES_H 1
| #define HAVE_STDINT_H 1
| #define HAVE_STRINGS_H 1
| #define HAVE_SYS_STAT_H 1
| #define HAVE_SYS_TYPES_H 1
| #define HAVE_UNISTD_H 1
| #define HAVE_SYS_SELECT_H 1
| #define HAVE_SYS_SOCKET_H 1
| #define STDC_HEADERS 1
| #define HAVE_DLFCN_H 1
| #define LT_OBJDIR ".libs/"
| #define KLU /**/
| #define HAVE_STRINGS_H 1
| #define OS_COMPILED 0
| #define HAVE__PROC_MEMINFO 1
| #define X_DISPLAY_MISSING 1
| #define HAVE__BOOL 1
| #define HAVE_STDBOOL_H 1
| #define HAVE_DIRENT_H 1
| #define SELECT_TYPE_ARG1 int
| #define SELECT_TYPE_ARG234 (fd_set *)
| #define SELECT_TYPE_ARG5 (struct timeval *)
| #define HAVE_VPRINTF 1
| #define HAVE_FORK 1
| #define HAVE_VFORK 1
| #define X_DISPLAY_MISSING 1
| #define NOINTHELP 1
| #define HAVE_SIG_T 1
| #define HAVE_DIRENT_H 1
| #define HAVE_UNISTD_H 1
| #define HAVE_CTYPE_H 1
| #define HAVE_PWD_H 1
| #define HAVE_FCNTL_H 1
| #define HAVE_SYS_IOCTL_H 1
| #define HAVE_STROPTS_H 1
| #define HAVE_SYS_WAIT_H 1
| #define HAVE_ARPA_INET_H 1
| #define HAVE_NETDB_H 1
| #define HAVE_NETINET_IN_H 1
| #define HAVE_STDDEF_H 1
| #define HAVE_SYS_FILE_H 1
| #define HAVE_SYS_PARAM_H 1
| #define HAVE_SYS_SOCKET_H 1
| #define HAVE_SYS_TIME_H 1
| #define HAVE_SYS_TIMEB_H 1
| #define HAVE_STRUCT_TM_TM_ZONE 1
| #define HAVE_TM_ZONE 1
| #define HAVE_TIME 1
| #define HAVE_LOCALTIME 1
| /* end confdefs.h.  */
| /* Define queryperformancecounter to an innocuous variant, in case <limits.h> declares queryperformancecounter.
|    For example, HP-UX 11i <limits.h> declares gettimeofday.  */
| #define queryperformancecounter innocuous_queryperformancecounter
| 
| /* System header to define __stub macros and hopefully few prototypes,
|    which can conflict with char queryperformancecounter (); below.  */
| 
| #include <limits.h>
| #undef queryperformancecounter
| 
| /* Override any GCC internal prototype to avoid an error.
|    Use char because int might match the return type of a GCC
|    builtin and then its argument prototype would still apply.  */
| #ifdef __cplusplus
| extern "C"
| #endif
| char queryperformancecounter ();
| /* The GNU C library defines this for functions which it implements
|     to always fail with ENOSYS.  Some functions are actually named
|     something starting with __ and the normal name is an alias.  */
| #if defined __stub_queryperformancecounter || defined __stub___queryperformancecounter
| choke me
| #endif
| 
| int
| main (void)
| {
| return queryperformancecounter ();
|   ;
|   return 0;
| }
configure:22223: result: no
configure:22229: checking for clock_gettime
configure:22229: /emsdk/upstream/emscripten/emcc -o conftest -O2 -s -Wall -Wextra -Wmissing-prototypes -Wstrict-prototypes -Wnested-externs -Wold-style-definition -Wredundant-decls -Wconversion -Wno-unused-const-variable   conftest.c   >&5
conftest.c:79:20: warning: a function declaration without a prototype is deprecated in all versions of C [-Wstrict-prototypes]
   79 | char clock_gettime ();
      |                    ^
      |                     void
1 warning generated.
wasm-ld: warning: function signature mismatch: clock_gettime
>>> defined as () -> i32 in /tmp/emscripten_temp_bpycic_1/conftest.o
>>> defined as (i32, i32) -> i32 in /emsdk/upstream/emscripten/cache/sysroot/lib/wasm32-emscripten/libc.a(clock_gettime.o)
configure:22229: $? = 0
configure:22229: result: yes
configure:22235: checking for gettimeofday
configure:22235: /emsdk/upstream/emscripten/emcc -o conftest -O2 -s -Wall -Wextra -Wmissing-prototypes -Wstrict-prototypes -Wnested-externs -Wold-style-definition -Wredundant-decls -Wconversion -Wno-unused-const-variable   conftest.c   >&5
conftest.c:80:19: warning: a function declaration without a prototype is deprecated in all versions of C [-Wstrict-prototypes]
   80 | char gettimeofday ();
      |                   ^
      |                    void
1 warning generated.
wasm-ld: warning: function signature mismatch: gettimeofday
>>> defined as () -> i32 in /tmp/emscripten_temp_slcv1xyc/conftest.o
>>> defined as (i32, i32) -> i32 in /emsdk/upstream/emscripten/cache/sysroot/lib/wasm32-emscripten/libc.a(emscripten_time.o)
configure:22235: $? = 0
configure:22235: result: yes
configure:22241: checking for ftime
configure:22241: /emsdk/upstream/emscripten/emcc -o conftest -O2 -s -Wall -Wextra -Wmissing-prototypes -Wstrict-prototypes -Wnested-externs -Wold-style-definition -Wredundant-decls -Wconversion -Wno-unused-const-variable   conftest.c   >&5
conftest.c:81:12: warning: a function declaration without a prototype is deprecated in all versions of C [-Wstrict-prototypes]
   81 | char ftime ();
      |            ^
      |             void
1 warning generated.
wasm-ld: warning: function signature mismatch: ftime
>>> defined as () -> i32 in /tmp/emscripten_temp_3o7oawte/conftest.o
>>> defined as (i32) -> i32 in /emsdk/upstream/emscripten/cache/sysroot/lib/wasm32-emscripten/libc.a(ftime.o)
configure:22241: $? = 0
configure:22241: result: yes
configure:22250: checking for times
configure:22250: /emsdk/upstream/emscripten/emcc -o conftest -O2 -s -Wall -Wextra -Wmissing-prototypes -Wstrict-prototypes -Wnested-externs -Wold-style-definition -Wredundant-decls -Wconversion -Wno-unused-const-variable   conftest.c   >&5
conftest.c:82:12: warning: a function declaration without a prototype is deprecated in all versions of C [-Wstrict-prototypes]
   82 | char times ();
      |            ^
      |             void
1 warning generated.
wasm-ld: warning: function signature mismatch: times
>>> defined as () -> i32 in /tmp/emscripten_temp_unqpy5yp/conftest.o
>>> defined as (i32) -> i32 in /emsdk/upstream/emscripten/cache/sysroot/lib/wasm32-emscripten/libstubs.a(emscripten_libc_stubs.o)
configure:22250: $? = 0
configure:22250: result: yes
configure:22256: checking for getrusage
configure:22256: /emsdk/upstream/emscripten/emcc -o conftest -O2 -s -Wall -Wextra -Wmissing-prototypes -Wstrict-prototypes -Wnested-externs -Wold-style-definition -Wredundant-decls -Wconversion -Wno-unused-const-variable   conftest.c   >&5
conftest.c:83:16: warning: a function declaration without a prototype is deprecated in all versions of C [-Wstrict-prototypes]
   83 | char getrusage ();
      |                ^
      |                 void
1 warning generated.
wasm-ld: warning: function signature mismatch: getrusage
>>> defined as () -> i32 in /tmp/emscripten_temp_a457ni5b/conftest.o
>>> defined as (i32, i32) -> i32 in /emsdk/upstream/emscripten/cache/sysroot/lib/wasm32-emscripten/libc.a(getrusage.o)
configure:22256: $? = 0
configure:22256: result: yes
configure:22264: checking for utimes
configure:22264: /emsdk/upstream/emscripten/emcc -o conftest -O2 -s -Wall -Wextra -Wmissing-prototypes -Wstrict-prototypes -Wnested-externs -Wold-style-definition -Wredundant-decls -Wconversion -Wno-unused-const-variable   conftest.c   >&5
conftest.c:84:13: warning: a function declaration without a prototype is deprecated in all versions of C [-Wstrict-prototypes]
   84 | char utimes ();
      |             ^
      |              void
1 warning generated.
wasm-ld: warning: function signature mismatch: utimes
>>> defined as () -> i32 in /tmp/emscripten_temp_9l7lsqle/conftest.o
>>> defined as (i32, i32) -> i32 in /emsdk/upstream/emscripten/cache/sysroot/lib/wasm32-emscripten/libc.a(utimes.o)
configure:22264: $? = 0
configure:22264: result: yes
configure:22275: checking for getrlimit
configure:22275: /emsdk/upstream/emscripten/emcc -o conftest -O2 -s -Wall -Wextra -Wmissing-prototypes -Wstrict-prototypes -Wnested-externs -Wold-style-definition -Wredundant-decls -Wconversion -Wno-unused-const-variable   conftest.c   >&5
conftest.c:85:16: warning: a function declaration without a prototype is deprecated in all versions of C [-Wstrict-prototypes]
   85 | char getrlimit ();
      |                ^
      |                 void
1 warning generated.
wasm-ld: warning: function signature mismatch: getrlimit
>>> defined as () -> i32 in /tmp/emscripten_temp_wuw3u9h3/conftest.o
>>> defined as (i32, i32) -> i32 in /emsdk/upstream/emscripten/cache/sysroot/lib/wasm32-emscripten/libc.a(getrlimit.o)
configure:22275: $? = 0
configure:22275: result: yes
configure:22286: checking for endpwent
configure:22286: /emsdk/upstream/emscripten/emcc -o conftest -O2 -s -Wall -Wextra -Wmissing-prototypes -Wstrict-prototypes -Wnested-externs -Wold-style-definition -Wredundant-decls -Wconversion -Wno-unused-const-variable   conftest.c   >&5
conftest.c:86:15: warning: a function declaration without a prototype is deprecated in all versions of C [-Wstrict-prototypes]
   86 | char endpwent ();
      |               ^
      |                void
1 warning generated.
wasm-ld: warning: function signature mismatch: endpwent
>>> defined as () -> i32 in /tmp/emscripten_temp_2mn8l9ux/conftest.o
>>> defined as () -> void in /emsdk/upstream/emscripten/cache/sysroot/lib/wasm32-emscripten/libstubs.a(emscripten_libc_stubs.o)
configure:22286: $? = 0
configure:22286: result: yes
configure:22292: checking for gethostbyname
configure:22292: /emsdk/upstream/emscripten/emcc -o conftest -O2 -s -Wall -Wextra -Wmissing-prototypes -Wstrict-prototypes -Wnested-externs -Wold-style-definition -Wredundant-decls -Wconversion -Wno-unused-const-variable   conftest.c   >&5
conftest.c:87:20: warning: a function declaration without a prototype is deprecated in all versions of C [-Wstrict-prototypes]
   87 | char gethostbyname ();
      |                    ^
      |                     void
1 warning generated.
wasm-ld: warning: function signature mismatch: gethostbyname
>>> defined as () -> i32 in /tmp/emscripten_temp_akkkpdnt/conftest.o
>>> defined as (i32) -> i32 in /emsdk/upstream/emscripten/cache/sysroot/lib/wasm32-emscripten/libsockets.a(gethostbyname.o)
configure:22292: $? = 0
configure:22292: result: yes
configure:22298: checking for memset
configure:22298: /emsdk/upstream/emscripten/emcc -o conftest -O2 -s -Wall -Wextra -Wmissing-prototypes -Wstrict-prototypes -Wnested-externs -Wold-style-definition -Wredundant-decls -Wconversion -Wno-unused-const-variable   conftest.c   >&5
conftest.c:88:13: warning: a function declaration without a prototype is deprecated in all versions of C [-Wstrict-prototypes]
   88 | char memset ();
      |             ^
      |              void
conftest.c:88:6: warning: incompatible redeclaration of library function 'memset' [-Wincompatible-library-redeclaration]
   88 | char memset ();
      |      ^
conftest.c:88:6: note: 'memset' is a builtin with type 'void *(void *, int, __size_t)' (aka 'void *(void *, int, unsigned long)')
2 warnings generated.
wasm-ld: warning: function signature mismatch: memset
>>> defined as () -> i32 in /tmp/emscripten_temp_41pzco3a/conftest.o
>>> defined as (i32, i32, i32) -> i32 in /emsdk/upstream/emscripten/cache/sysroot/lib/wasm32-emscripten/libc.a(emscripten_memset.o)
configure:22298: $? = 0
configure:22298: result: yes
configure:22304: checking for select
configure:22304: /emsdk/upstream/emscripten/emcc -o conftest -O2 -s -Wall -Wextra -Wmissing-prototypes -Wstrict-prototypes -Wnested-externs -Wold-style-definition -Wredundant-decls -Wconversion -Wno-unused-const-variable   conftest.c   >&5
conftest.c:89:13: warning: a function declaration without a prototype is deprecated in all versions of C [-Wstrict-prototypes]
   89 | char select ();
      |             ^
      |              void
1 warning generated.
wasm-ld: warning: function signature mismatch: select
>>> defined as () -> i32 in /tmp/emscripten_temp_u2o3bfvg/conftest.o
>>> defined as (i32, i32, i32, i32, i32) -> i32 in /emsdk/upstream/emscripten/cache/sysroot/lib/wasm32-emscripten/libc.a(select.o)
configure:22304: $? = 0
configure:22304: result: yes
configure:22310: checking for socket
configure:22310: /emsdk/upstream/emscripten/emcc -o conftest -O2 -s -Wall -Wextra -Wmissing-prototypes -Wstrict-prototypes -Wnested-externs -Wold-style-definition -Wredundant-decls -Wconversion -Wno-unused-const-variable   conftest.c   >&5
conftest.c:90:13: warning: a function declaration without a prototype is deprecated in all versions of C [-Wstrict-prototypes]
   90 | char socket ();
      |             ^
      |              void
1 warning generated.
wasm-ld: warning: function signature mismatch: socket
>>> defined as () -> i32 in /tmp/emscripten_temp_x6pyie_s/conftest.o
>>> defined as (i32, i32, i32) -> i32 in /emsdk/upstream/emscripten/cache/sysroot/lib/wasm32-emscripten/libsockets.a(socket.o)
configure:22310: $? = 0
configure:22310: result: yes
configure:22316: checking for strdup
configure:22316: /emsdk/upstream/emscripten/emcc -o conftest -O2 -s -Wall -Wextra -Wmissing-prototypes -Wstrict-prototypes -Wnested-externs -Wold-style-definition -Wredundant-decls -Wconversion -Wno-unused-const-variable   conftest.c   >&5
conftest.c:91:13: warning: a function declaration without a prototype is deprecated in all versions of C [-Wstrict-prototypes]
   91 | char strdup ();
      |             ^
      |              void
conftest.c:91:6: warning: incompatible redeclaration of library function 'strdup' [-Wincompatible-library-redeclaration]
   91 | char strdup ();
      |      ^
conftest.c:91:6: note: 'strdup' is a builtin with type 'char *(const char *)'
2 warnings generated.
wasm-ld: warning: function signature mismatch: strdup
>>> defined as () -> i32 in /tmp/emscripten_temp_a1sqtn8d/conftest.o
>>> defined as (i32) -> i32 in /emsdk/upstream/emscripten/cache/sysroot/lib/wasm32-emscripten/libc.a(strdup.o)
configure:22316: $? = 0
configure:22316: result: yes
configure:22322: checking for strerror
configure:22322: /emsdk/upstream/emscripten/emcc -o conftest -O2 -s -Wall -Wextra -Wmissing-prototypes -Wstrict-prototypes -Wnested-externs -Wold-style-definition -Wredundant-decls -Wconversion -Wno-unused-const-variable   conftest.c   >&5
conftest.c:92:15: warning: a function declaration without a prototype is deprecated in all versions of C [-Wstrict-prototypes]
   92 | char strerror ();
      |               ^
      |                void
conftest.c:92:6: warning: incompatible redeclaration of library function 'strerror' [-Wincompatible-library-redeclaration]
   92 | char strerror ();
      |      ^
conftest.c:92:6: note: 'strerror' is a builtin with type 'char *(int)'
2 warnings generated.
wasm-ld: warning: function signature mismatch: strerror
>>> defined as () -> i32 in /tmp/emscripten_temp_qmr67554/conftest.o
>>> defined as (i32) -> i32 in /emsdk/upstream/emscripten/cache/sysroot/lib/wasm32-emscripten/libc.a(strerror.o)
configure:22322: $? = 0
configure:22322: result: yes
configure:22328: checking for strncasecmp
configure:22328: /emsdk/upstream/emscripten/emcc -o conftest -O2 -s -Wall -Wextra -Wmissing-prototypes -Wstrict-prototypes -Wnested-externs -Wold-style-definition -Wredundant-decls -Wconversion -Wno-unused-const-variable   conftest.c   >&5
conftest.c:93:18: warning: a function declaration without a prototype is deprecated in all versions of C [-Wstrict-prototypes]
   93 | char strncasecmp ();
      |                  ^
      |                   void
conftest.c:93:6: warning: incompatible redeclaration of library function 'strncasecmp' [-Wincompatible-library-redeclaration]
   93 | char strncasecmp ();
      |      ^
conftest.c:93:6: note: 'strncasecmp' is a builtin with type 'int (const char *, const char *, __size_t)' (aka 'int (const char *, const char *, unsigned long)')
2 warnings generated.
wasm-ld: warning: function signature mismatch: strncasecmp
>>> defined as () -> i32 in /tmp/emscripten_temp_jwiratjv/conftest.o
>>> defined as (i32, i32, i32) -> i32 in /emsdk/upstream/emscripten/cache/sysroot/lib/wasm32-emscripten/libc.a(strncasecmp.o)
configure:22328: $? = 0
configure:22328: result: yes
configure:22334: checking for strstr
configure:22334: /emsdk/upstream/emscripten/emcc -o conftest -O2 -s -Wall -Wextra -Wmissing-prototypes -Wstrict-prototypes -Wnested-externs -Wold-style-definition -Wredundant-decls -Wconversion -Wno-unused-const-variable   conftest.c   >&5
conftest.c:94:13: warning: a function declaration without a prototype is deprecated in all versions of C [-Wstrict-prototypes]
   94 | char strstr ();
      |             ^
      |              void
conftest.c:94:6: warning: incompatible redeclaration of library function 'strstr' [-Wincompatible-library-redeclaration]
   94 | char strstr ();
      |      ^
conftest.c:94:6: note: 'strstr' is a builtin with type 'char *(const char *, const char *)'
2 warnings generated.
wasm-ld: warning: function signature mismatch: strstr
>>> defined as () -> i32 in /tmp/emscripten_temp_9yqvgcom/conftest.o
>>> defined as (i32, i32) -> i32 in /emsdk/upstream/emscripten/cache/sysroot/lib/wasm32-emscripten/libc.a(strstr.o)
configure:22334: $? = 0
configure:22334: result: yes
configure:22340: checking for strtol
configure:22340: /emsdk/upstream/emscripten/emcc -o conftest -O2 -s -Wall -Wextra -Wmissing-prototypes -Wstrict-prototypes -Wnested-externs -Wold-style-definition -Wredundant-decls -Wconversion -Wno-unused-const-variable   conftest.c   >&5
conftest.c:95:13: warning: a function declaration without a prototype is deprecated in all versions of C [-Wstrict-prototypes]
   95 | char strtol ();
      |             ^
      |              void
conftest.c:95:6: warning: incompatible redeclaration of library function 'strtol' [-Wincompatible-library-redeclaration]
   95 | char strtol ();
      |      ^
conftest.c:95:6: note: 'strtol' is a builtin with type 'long (const char *, char **, int)'
2 warnings generated.
wasm-ld: warning: function signature mismatch: strtol
>>> defined as () -> i32 in /tmp/emscripten_temp_991n6j4x/conftest.o
>>> defined as (i32, i32, i32) -> i32 in /emsdk/upstream/emscripten/cache/sysroot/lib/wasm32-emscripten/libc.a(strtol.o)
configure:22340: $? = 0
configure:22340: result: yes
configure:22352: checking for termios.h
configure:22352: /emsdk/upstream/emscripten/emcc -c -O2 -s -Wall -Wextra -Wmissing-prototypes -Wstrict-prototypes -Wnested-externs -Wold-style-definition -Wredundant-decls -Wconversion -Wno-unused-const-variable  conftest.c >&5
clang: warning: argument unused during compilation: '-s' [-Wunused-command-line-argument]
configure:22352: $? = 0
configure:22352: result: yes
configure:22362: checking for isatty
configure:22362: /emsdk/upstream/emscripten/emcc -o conftest -O2 -s -Wall -Wextra -Wmissing-prototypes -Wstrict-prototypes -Wnested-externs -Wold-style-definition -Wredundant-decls -Wconversion -Wno-unused-const-variable   conftest.c   >&5
conftest.c:97:13: warning: a function declaration without a prototype is deprecated in all versions of C [-Wstrict-prototypes]
   97 | char isatty ();
      |             ^
      |              void
1 warning generated.
wasm-ld: warning: function signature mismatch: isatty
>>> defined as () -> i32 in /tmp/emscripten_temp_hwo4lz2q/conftest.o
>>> defined as (i32) -> i32 in /emsdk/upstream/emscripten/cache/sysroot/lib/wasm32-emscripten/libc.a(isatty.o)
configure:22362: $? = 0
configure:22362: result: yes
configure:22368: checking for tcgetattr
configure:22368: /emsdk/upstream/emscripten/emcc -o conftest -O2 -s -Wall -Wextra -Wmissing-prototypes -Wstrict-prototypes -Wnested-externs -Wold-style-definition -Wredundant-decls -Wconversion -Wno-unused-const-variable   conftest.c   >&5
conftest.c:98:16: warning: a function declaration without a prototype is deprecated in all versions of C [-Wstrict-prototypes]
   98 | char tcgetattr ();
      |                ^
      |                 void
1 warning generated.
wasm-ld: warning: function signature mismatch: tcgetattr
>>> defined as () -> i32 in /tmp/emscripten_temp_m1ktdndu/conftest.o
>>> defined as (i32, i32) -> i32 in /emsdk/upstream/emscripten/cache/sysroot/lib/wasm32-emscripten/libc.a(tcgetattr.o)
configure:22368: $? = 0
configure:22368: result: yes
configure:22374: checking for tcsetattr
configure:22374: /emsdk/upstream/emscripten/emcc -o conftest -O2 -s -Wall -Wextra -Wmissing-prototypes -Wstrict-prototypes -Wnested-externs -Wold-style-definition -Wredundant-decls -Wconversion -Wno-unused-const-variable   conftest.c   >&5
conftest.c:99:16: warning: a function declaration without a prototype is deprecated in all versions of C [-Wstrict-prototypes]
   99 | char tcsetattr ();
      |                ^
      |                 void
1 warning generated.
wasm-ld: warning: function signature mismatch: tcsetattr
>>> defined as () -> i32 in /tmp/emscripten_temp_h0vf99px/conftest.o
>>> defined as (i32, i32, i32) -> i32 in /emsdk/upstream/emscripten/cache/sysroot/lib/wasm32-emscripten/libc.a(tcsetattr.o)
configure:22374: $? = 0
configure:22374: result: yes
configure:22389: checking for working fork
configure:22424: result: cross
configure:22440: WARNING: result yes guessed because of cross compilation
configure:22445: checking for working vfork
configure:22574: result: yes
configure:22599: checking for access
configure:22599: /emsdk/upstream/emscripten/emcc -o conftest -O2 -s -Wall -Wextra -Wmissing-prototypes -Wstrict-prototypes -Wnested-externs -Wold-style-definition -Wredundant-decls -Wconversion -Wno-unused-const-variable   conftest.c   >&5
conftest.c:102:13: warning: a function declaration without a prototype is deprecated in all versions of C [-Wstrict-prototypes]
  102 | char access ();
      |             ^
      |              void
1 warning generated.
wasm-ld: warning: function signature mismatch: access
>>> defined as () -> i32 in /tmp/emscripten_temp_4egej8un/conftest.o
>>> defined as (i32, i32) -> i32 in /emsdk/upstream/emscripten/cache/sysroot/lib/wasm32-emscripten/libc.a(access.o)
configure:22599: $? = 0
configure:22599: result: yes
configure:22605: checking for qsort
configure:22605: /emsdk/upstream/emscripten/emcc -o conftest -O2 -s -Wall -Wextra -Wmissing-prototypes -Wstrict-prototypes -Wnested-externs -Wold-style-definition -Wredundant-decls -Wconversion -Wno-unused-const-variable   conftest.c   >&5
conftest.c:103:12: warning: a function declaration without a prototype is deprecated in all versions of C [-Wstrict-prototypes]
  103 | char qsort ();
      |            ^
      |             void
1 warning generated.
wasm-ld: warning: function signature mismatch: qsort
>>> defined as () -> i32 in /tmp/emscripten_temp__lv43m_3/conftest.o
>>> defined as (i32, i32, i32, i32) -> void in /emsdk/upstream/emscripten/cache/sysroot/lib/wasm32-emscripten/libc.a(qsort_nr.o)
configure:22605: $? = 0
configure:22605: result: yes
configure:22611: checking for dup2
configure:22611: /emsdk/upstream/emscripten/emcc -o conftest -O2 -s -Wall -Wextra -Wmissing-prototypes -Wstrict-prototypes -Wnested-externs -Wold-style-definition -Wredundant-decls -Wconversion -Wno-unused-const-variable   conftest.c   >&5
conftest.c:104:11: warning: a function declaration without a prototype is deprecated in all versions of C [-Wstrict-prototypes]
  104 | char dup2 ();
      |           ^
      |            void
1 warning generated.
wasm-ld: warning: function signature mismatch: dup2
>>> defined as () -> i32 in /tmp/emscripten_temp_18a7cntv/conftest.o
>>> defined as (i32, i32) -> i32 in /emsdk/upstream/emscripten/cache/sysroot/lib/wasm32-emscripten/libc.a(dup2.o)
configure:22611: $? = 0
configure:22611: result: yes
configure:22617: checking for popen
configure:22617: /emsdk/upstream/emscripten/emcc -o conftest -O2 -s -Wall -Wextra -Wmissing-prototypes -Wstrict-prototypes -Wnested-externs -Wold-style-definition -Wredundant-decls -Wconversion -Wno-unused-const-variable   conftest.c   >&5
conftest.c:105:12: warning: a function declaration without a prototype is deprecated in all versions of C [-Wstrict-prototypes]
  105 | char popen ();
      |            ^
      |             void
1 warning generated.
wasm-ld: warning: function signature mismatch: popen
>>> defined as () -> i32 in /tmp/emscripten_temp_smgr3ump/conftest.o
>>> defined as (i32, i32) -> i32 in /emsdk/upstream/emscripten/cache/sysroot/lib/wasm32-emscripten/libstubs.a(emscripten_libc_stubs.o)
configure:22617: $? = 0
configure:22617: result: yes
configure:22623: checking for tsearch
configure:22623: /emsdk/upstream/emscripten/emcc -o conftest -O2 -s -Wall -Wextra -Wmissing-prototypes -Wstrict-prototypes -Wnested-externs -Wold-style-definition -Wredundant-decls -Wconversion -Wno-unused-const-variable   conftest.c   >&5
conftest.c:106:14: warning: a function declaration without a prototype is deprecated in all versions of C [-Wstrict-prototypes]
  106 | char tsearch ();
      |              ^
      |               void
1 warning generated.
wasm-ld: warning: function signature mismatch: tsearch
>>> defined as () -> i32 in /tmp/emscripten_temp_2scmonk2/conftest.o
>>> defined as (i32, i32, i32) -> i32 in /emsdk/upstream/emscripten/cache/sysroot/lib/wasm32-emscripten/libc.a(tsearch.o)
configure:22623: $? = 0
configure:22623: result: yes
configure:22629: checking for tdestroy
configure:22629: /emsdk/upstream/emscripten/emcc -o conftest -O2 -s -Wall -Wextra -Wmissing-prototypes -Wstrict-prototypes -Wnested-externs -Wold-style-definition -Wredundant-decls -Wconversion -Wno-unused-const-variable   conftest.c   >&5
conftest.c:107:15: warning: a function declaration without a prototype is deprecated in all versions of C [-Wstrict-prototypes]
  107 | char tdestroy ();
      |               ^
      |                void
1 warning generated.
wasm-ld: warning: function signature mismatch: tdestroy
>>> defined as () -> i32 in /tmp/emscripten_temp_il41y4rk/conftest.o
>>> defined as (i32, i32) -> void in /emsdk/upstream/emscripten/cache/sysroot/lib/wasm32-emscripten/libc.a(tdestroy.o)
configure:22629: $? = 0
configure:22629: result: yes
configure:22640: checking for strchr
configure:22640: /emsdk/upstream/emscripten/emcc -o conftest -O2 -s -Wall -Wextra -Wmissing-prototypes -Wstrict-prototypes -Wnested-externs -Wold-style-definition -Wredundant-decls -Wconversion -Wno-unused-const-variable   conftest.c   >&5
conftest.c:108:13: warning: a function declaration without a prototype is deprecated in all versions of C [-Wstrict-prototypes]
  108 | char strchr ();
      |             ^
      |              void
conftest.c:108:6: warning: incompatible redeclaration of library function 'strchr' [-Wincompatible-library-redeclaration]
  108 | char strchr ();
      |      ^
conftest.c:108:6: note: 'strchr' is a builtin with type 'char *(const char *, int)'
2 warnings generated.
wasm-ld: warning: function signature mismatch: strchr
>>> defined as () -> i32 in /tmp/emscripten_temp_71dyhgm2/conftest.o
>>> defined as (i32, i32) -> i32 in /emsdk/upstream/emscripten/cache/sysroot/lib/wasm32-emscripten/libc.a(strchr.o)
configure:22640: $? = 0
configure:22640: result: yes
configure:22654: checking for strrchr
configure:22654: /emsdk/upstream/emscripten/emcc -o conftest -O2 -s -Wall -Wextra -Wmissing-prototypes -Wstrict-prototypes -Wnested-externs -Wold-style-definition -Wredundant-decls -Wconversion -Wno-unused-const-variable   conftest.c   >&5
conftest.c:109:14: warning: a function declaration without a prototype is deprecated in all versions of C [-Wstrict-prototypes]
  109 | char strrchr ();
      |              ^
      |               void
conftest.c:109:6: warning: incompatible redeclaration of library function 'strrchr' [-Wincompatible-library-redeclaration]
  109 | char strrchr ();
      |      ^
conftest.c:109:6: note: 'strrchr' is a builtin with type 'char *(const char *, int)'
2 warnings generated.
wasm-ld: warning: function signature mismatch: strrchr
>>> defined as () -> i32 in /tmp/emscripten_temp_gnn002yl/conftest.o
>>> defined as (i32, i32) -> i32 in /emsdk/upstream/emscripten/cache/sysroot/lib/wasm32-emscripten/libc.a(strrchr.o)
configure:22654: $? = 0
configure:22654: result: yes
configure:22668: checking for getcwd
configure:22668: /emsdk/upstream/emscripten/emcc -o conftest -O2 -s -Wall -Wextra -Wmissing-prototypes -Wstrict-prototypes -Wnested-externs -Wold-style-definition -Wredundant-decls -Wconversion -Wno-unused-const-variable   conftest.c   >&5
conftest.c:110:13: warning: a function declaration without a prototype is deprecated in all versions of C [-Wstrict-prototypes]
  110 | char getcwd ();
      |             ^
      |              void
1 warning generated.
wasm-ld: warning: function signature mismatch: getcwd
>>> defined as () -> i32 in /tmp/emscripten_temp_f5p093h_/conftest.o
>>> defined as (i32, i32) -> i32 in /emsdk/upstream/emscripten/cache/sysroot/lib/wasm32-emscripten/libc.a(getcwd.o)
configure:22668: $? = 0
configure:22668: result: yes
configure:22680: result: Checking mathematical features of the system:
configure:22683: checking for sqrt in -lm
configure:22706: /emsdk/upstream/emscripten/emcc -o conftest -O2 -s -Wall -Wextra -Wmissing-prototypes -Wstrict-prototypes -Wnested-externs -Wold-style-definition -Wredundant-decls -Wconversion -Wno-unused-const-variable   conftest.c -lm    >&5
conftest.c:99:11: warning: a function declaration without a prototype is deprecated in all versions of C [-Wstrict-prototypes]
   99 | char sqrt ();
      |           ^
      |            void
conftest.c:99:6: warning: incompatible redeclaration of library function 'sqrt' [-Wincompatible-library-redeclaration]
   99 | char sqrt ();
      |      ^
conftest.c:99:6: note: 'sqrt' is a builtin with type 'double (double)'
2 warnings generated.
wasm-ld: warning: function signature mismatch: sqrt
>>> defined as () -> i32 in /tmp/emscripten_temp_gl4a7o8v/conftest.o
>>> defined as (f64) -> f64 in /emsdk/upstream/emscripten/cache/sysroot/lib/wasm32-emscripten/libc.a(sqrt.o)
configure:22706: $? = 0
configure:22716: result: yes
configure:22726: checking for float.h
configure:22726: /emsdk/upstream/emscripten/emcc -c -O2 -s -Wall -Wextra -Wmissing-prototypes -Wstrict-prototypes -Wnested-externs -Wold-style-definition -Wredundant-decls -Wconversion -Wno-unused-const-variable  conftest.c >&5
clang: warning: argument unused during compilation: '-s' [-Wunused-command-line-argument]
configure:22726: $? = 0
configure:22726: result: yes
configure:22732: checking for limits.h
configure:22732: /emsdk/upstream/emscripten/emcc -c -O2 -s -Wall -Wextra -Wmissing-prototypes -Wstrict-prototypes -Wnested-externs -Wold-style-definition -Wredundant-decls -Wconversion -Wno-unused-const-variable  conftest.c >&5
clang: warning: argument unused during compilation: '-s' [-Wunused-command-line-argument]
configure:22732: $? = 0
configure:22732: result: yes
configure:22738: checking for values.h
configure:22738: /emsdk/upstream/emscripten/emcc -c -O2 -s -Wall -Wextra -Wmissing-prototypes -Wstrict-prototypes -Wnested-externs -Wold-style-definition -Wredundant-decls -Wconversion -Wno-unused-const-variable  conftest.c >&5
clang: warning: argument unused during compilation: '-s' [-Wunused-command-line-argument]
configure:22738: $? = 0
configure:22738: result: yes
configure:22744: checking for ieeefp.h
configure:22744: /emsdk/upstream/emscripten/emcc -c -O2 -s -Wall -Wextra -Wmissing-prototypes -Wstrict-prototypes -Wnested-externs -Wold-style-definition -Wredundant-decls -Wconversion -Wno-unused-const-variable  conftest.c >&5
clang: warning: argument unused during compilation: '-s' [-Wunused-command-line-argument]
conftest.c:127:10: fatal error: 'ieeefp.h' file not found
  127 | #include <ieeefp.h>
      |          ^~~~~~~~~~
1 error generated.
configure:22744: $? = 1
configure: failed program was:
| /* confdefs.h */
| #define PACKAGE_NAME "ngspice"
| #define PACKAGE_TARNAME "ngspice"
| #define PACKAGE_VERSION "45.2"
| #define PACKAGE_STRING "ngspice 45.2"
| #define PACKAGE_BUGREPORT "http://ngspice.sourceforge.net/bugrep.html"
| #define PACKAGE_URL ""
| #define PACKAGE "ngspice"
| #define VERSION "45.2"
| #define HAVE_STDIO_H 1
| #define HAVE_STDLIB_H 1
| #define HAVE_STRING_H 1
| #define HAVE_INTTYPES_H 1
| #define HAVE_STDINT_H 1
| #define HAVE_STRINGS_H 1
| #define HAVE_SYS_STAT_H 1
| #define HAVE_SYS_TYPES_H 1
| #define HAVE_UNISTD_H 1
| #define HAVE_SYS_SELECT_H 1
| #define HAVE_SYS_SOCKET_H 1
| #define STDC_HEADERS 1
| #define HAVE_DLFCN_H 1
| #define LT_OBJDIR ".libs/"
| #define KLU /**/
| #define HAVE_STRINGS_H 1
| #define OS_COMPILED 0
| #define HAVE__PROC_MEMINFO 1
| #define X_DISPLAY_MISSING 1
| #define HAVE__BOOL 1
| #define HAVE_STDBOOL_H 1
| #define HAVE_DIRENT_H 1
| #define SELECT_TYPE_ARG1 int
| #define SELECT_TYPE_ARG234 (fd_set *)
| #define SELECT_TYPE_ARG5 (struct timeval *)
| #define HAVE_VPRINTF 1
| #define HAVE_FORK 1
| #define HAVE_VFORK 1
| #define X_DISPLAY_MISSING 1
| #define NOINTHELP 1
| #define HAVE_SIG_T 1
| #define HAVE_DIRENT_H 1
| #define HAVE_UNISTD_H 1
| #define HAVE_CTYPE_H 1
| #define HAVE_PWD_H 1
| #define HAVE_FCNTL_H 1
| #define HAVE_SYS_IOCTL_H 1
| #define HAVE_STROPTS_H 1
| #define HAVE_SYS_WAIT_H 1
| #define HAVE_ARPA_INET_H 1
| #define HAVE_NETDB_H 1
| #define HAVE_NETINET_IN_H 1
| #define HAVE_STDDEF_H 1
| #define HAVE_SYS_FILE_H 1
| #define HAVE_SYS_PARAM_H 1
| #define HAVE_SYS_SOCKET_H 1
| #define HAVE_SYS_TIME_H 1
| #define HAVE_SYS_TIMEB_H 1
| #define HAVE_STRUCT_TM_TM_ZONE 1
| #define HAVE_TM_ZONE 1
| #define HAVE_TIME 1
| #define HAVE_LOCALTIME 1
| #define HAVE_CLOCK_GETTIME 1
| #define HAVE_GETTIMEOFDAY 1
| #define HAVE_FTIME 1
| #define HAVE_TIMES 1
| #define HAVE_GETRUSAGE 1
| #define HAVE_UTIMES 1
| #define HAVE_GETRLIMIT 1
| #define HAVE_ENDPWENT 1
| #define HAVE_GETHOSTBYNAME 1
| #define HAVE_MEMSET 1
| #define HAVE_SELECT 1
| #define HAVE_SOCKET 1
| #define HAVE_STRDUP 1
| #define HAVE_STRERROR 1
| #define HAVE_STRNCASECMP 1
| #define HAVE_STRSTR 1
| #define HAVE_STRTOL 1
| #define HAVE_TERMIOS_H 1
| #define HAVE_ISATTY 1
| #define HAVE_TCGETATTR 1
| #define HAVE_TCSETATTR 1
| #define HAVE_WORKING_VFORK 1
| #define HAVE_WORKING_FORK 1
| #define HAVE_ACCESS 1
| #define HAVE_QSORT 1
| #define HAVE_DUP2 1
| #define HAVE_POPEN 1
| #define HAVE_TSEARCH 1
| #define HAVE_TDESTROY 1
| #define HAVE_STRCHR 1
| #define HAVE_STRRCHR 1
| #define HAVE_GETCWD 1
| #define HAVE_LIBM 1
| #define HAVE_FLOAT_H 1
| #define HAVE_LIMITS_H 1
| #define HAVE_VALUES_H 1
| /* end confdefs.h.  */
| #include <stddef.h>
| #ifdef HAVE_STDIO_H
| # include <stdio.h>
| #endif
| #ifdef HAVE_STDLIB_H
| # include <stdlib.h>
| #endif
| #ifdef HAVE_STRING_H
| # include <string.h>
| #endif
| #ifdef HAVE_INTTYPES_H
| # include <inttypes.h>
| #endif
| #ifdef HAVE_STDINT_H
| # include <stdint.h>
| #endif
| #ifdef HAVE_STRINGS_H
| # include <strings.h>
| #endif
| #ifdef HAVE_SYS_TYPES_H
| # include <sys/types.h>
| #endif
| #ifdef HAVE_SYS_STAT_H
| # include <sys/stat.h>
| #endif
| #ifdef HAVE_UNISTD_H
| # include <unistd.h>
| #endif
| #include <ieeefp.h>
configure:22744: result: no
configure:22752: checking for fftw3.h
configure:22752: /emsdk/upstream/emscripten/emcc -c -O2 -s -Wall -Wextra -Wmissing-prototypes -Wstrict-prototypes -Wnested-externs -Wold-style-definition -Wredundant-decls -Wconversion -Wno-unused-const-variable  conftest.c >&5
clang: warning: argument unused during compilation: '-s' [-Wunused-command-line-argument]
conftest.c:127:10: fatal error: 'fftw3.h' file not found
  127 | #include <fftw3.h>
      |          ^~~~~~~~~
1 error generated.
configure:22752: $? = 1
configure: failed program was:
| /* confdefs.h */
| #define PACKAGE_NAME "ngspice"
| #define PACKAGE_TARNAME "ngspice"
| #define PACKAGE_VERSION "45.2"
| #define PACKAGE_STRING "ngspice 45.2"
| #define PACKAGE_BUGREPORT "http://ngspice.sourceforge.net/bugrep.html"
| #define PACKAGE_URL ""
| #define PACKAGE "ngspice"
| #define VERSION "45.2"
| #define HAVE_STDIO_H 1
| #define HAVE_STDLIB_H 1
| #define HAVE_STRING_H 1
| #define HAVE_INTTYPES_H 1
| #define HAVE_STDINT_H 1
| #define HAVE_STRINGS_H 1
| #define HAVE_SYS_STAT_H 1
| #define HAVE_SYS_TYPES_H 1
| #define HAVE_UNISTD_H 1
| #define HAVE_SYS_SELECT_H 1
| #define HAVE_SYS_SOCKET_H 1
| #define STDC_HEADERS 1
| #define HAVE_DLFCN_H 1
| #define LT_OBJDIR ".libs/"
| #define KLU /**/
| #define HAVE_STRINGS_H 1
| #define OS_COMPILED 0
| #define HAVE__PROC_MEMINFO 1
| #define X_DISPLAY_MISSING 1
| #define HAVE__BOOL 1
| #define HAVE_STDBOOL_H 1
| #define HAVE_DIRENT_H 1
| #define SELECT_TYPE_ARG1 int
| #define SELECT_TYPE_ARG234 (fd_set *)
| #define SELECT_TYPE_ARG5 (struct timeval *)
| #define HAVE_VPRINTF 1
| #define HAVE_FORK 1
| #define HAVE_VFORK 1
| #define X_DISPLAY_MISSING 1
| #define NOINTHELP 1
| #define HAVE_SIG_T 1
| #define HAVE_DIRENT_H 1
| #define HAVE_UNISTD_H 1
| #define HAVE_CTYPE_H 1
| #define HAVE_PWD_H 1
| #define HAVE_FCNTL_H 1
| #define HAVE_SYS_IOCTL_H 1
| #define HAVE_STROPTS_H 1
| #define HAVE_SYS_WAIT_H 1
| #define HAVE_ARPA_INET_H 1
| #define HAVE_NETDB_H 1
| #define HAVE_NETINET_IN_H 1
| #define HAVE_STDDEF_H 1
| #define HAVE_SYS_FILE_H 1
| #define HAVE_SYS_PARAM_H 1
| #define HAVE_SYS_SOCKET_H 1
| #define HAVE_SYS_TIME_H 1
| #define HAVE_SYS_TIMEB_H 1
| #define HAVE_STRUCT_TM_TM_ZONE 1
| #define HAVE_TM_ZONE 1
| #define HAVE_TIME 1
| #define HAVE_LOCALTIME 1
| #define HAVE_CLOCK_GETTIME 1
| #define HAVE_GETTIMEOFDAY 1
| #define HAVE_FTIME 1
| #define HAVE_TIMES 1
| #define HAVE_GETRUSAGE 1
| #define HAVE_UTIMES 1
| #define HAVE_GETRLIMIT 1
| #define HAVE_ENDPWENT 1
| #define HAVE_GETHOSTBYNAME 1
| #define HAVE_MEMSET 1
| #define HAVE_SELECT 1
| #define HAVE_SOCKET 1
| #define HAVE_STRDUP 1
| #define HAVE_STRERROR 1
| #define HAVE_STRNCASECMP 1
| #define HAVE_STRSTR 1
| #define HAVE_STRTOL 1
| #define HAVE_TERMIOS_H 1
| #define HAVE_ISATTY 1
| #define HAVE_TCGETATTR 1
| #define HAVE_TCSETATTR 1
| #define HAVE_WORKING_VFORK 1
| #define HAVE_WORKING_FORK 1
| #define HAVE_ACCESS 1
| #define HAVE_QSORT 1
| #define HAVE_DUP2 1
| #define HAVE_POPEN 1
| #define HAVE_TSEARCH 1
| #define HAVE_TDESTROY 1
| #define HAVE_STRCHR 1
| #define HAVE_STRRCHR 1
| #define HAVE_GETCWD 1
| #define HAVE_LIBM 1
| #define HAVE_FLOAT_H 1
| #define HAVE_LIMITS_H 1
| #define HAVE_VALUES_H 1
| /* end confdefs.h.  */
| #include <stddef.h>
| #ifdef HAVE_STDIO_H
| # include <stdio.h>
| #endif
| #ifdef HAVE_STDLIB_H
| # include <stdlib.h>
| #endif
| #ifdef HAVE_STRING_H
| # include <string.h>
| #endif
| #ifdef HAVE_INTTYPES_H
| # include <inttypes.h>
| #endif
| #ifdef HAVE_STDINT_H
| # include <stdint.h>
| #endif
| #ifdef HAVE_STRINGS_H
| # include <strings.h>
| #endif
| #ifdef HAVE_SYS_TYPES_H
| # include <sys/types.h>
| #endif
| #ifdef HAVE_SYS_STAT_H
| # include <sys/stat.h>
| #endif
| #ifdef HAVE_UNISTD_H
| # include <unistd.h>
| #endif
| #include <fftw3.h>
configure:22752: result: no
configure:22759: checking for fftw_plan_dft_1d in -lfftw3
configure:22782: /emsdk/upstream/emscripten/emcc -o conftest -O2 -s -Wall -Wextra -Wmissing-prototypes -Wstrict-prototypes -Wnested-externs -Wold-style-definition -Wredundant-decls -Wconversion -Wno-unused-const-variable   conftest.c -lfftw3  -lm   >&5
conftest.c:103:23: warning: a function declaration without a prototype is deprecated in all versions of C [-Wstrict-prototypes]
  103 | char fftw_plan_dft_1d ();
      |                       ^
      |                        void
1 warning generated.
wasm-ld: error: unable to find library -lfftw3
emcc: error: '/emsdk/upstream/bin/wasm-ld -o conftest.wasm /tmp/tmp7k9a633qlibemscripten_js_symbols.so --strip-debug --export=_emscripten_stack_alloc --export=__funcs_on_exit --export=__wasm_call_ctors --export=emscripten_stack_get_current --export=_emscripten_stack_restore --export-if-defined=__start_em_asm --export-if-defined=__stop_em_asm --export-if-defined=__start_em_lib_deps --export-if-defined=__stop_em_lib_deps --export-if-defined=__start_em_js --export-if-defined=__stop_em_js --export-if-defined=main --export-if-defined=__main_argc_argv --export-if-defined=fflush --export-table -z stack-size=65536 --no-growable-memory --initial-heap=16777216 --no-entry --no-stack-first --table-base=1 --global-base=1024 -s /tmp/emscripten_temp__c8gtl9e/conftest.o -lfftw3 -L/emsdk/upstream/emscripten/cache/sysroot/lib/wasm32-emscripten -L/emsdk/upstream/emscripten/src/lib -lGL-getprocaddr -lal -lhtml5 -lstubs -lc -ldlmalloc -lcompiler_rt -lc++-noexcept -lc++abi-noexcept -lsockets --keep-section=target_features -mllvm -combiner-global-alias-analysis=false -mllvm -enable-emscripten-sjlj -mllvm -disable-lsr' failed (returned 1)
configure:22782: $? = 1
configure: failed program was:
| /* confdefs.h */
| #define PACKAGE_NAME "ngspice"
| #define PACKAGE_TARNAME "ngspice"
| #define PACKAGE_VERSION "45.2"
| #define PACKAGE_STRING "ngspice 45.2"
| #define PACKAGE_BUGREPORT "http://ngspice.sourceforge.net/bugrep.html"
| #define PACKAGE_URL ""
| #define PACKAGE "ngspice"
| #define VERSION "45.2"
| #define HAVE_STDIO_H 1
| #define HAVE_STDLIB_H 1
| #define HAVE_STRING_H 1
| #define HAVE_INTTYPES_H 1
| #define HAVE_STDINT_H 1
| #define HAVE_STRINGS_H 1
| #define HAVE_SYS_STAT_H 1
| #define HAVE_SYS_TYPES_H 1
| #define HAVE_UNISTD_H 1
| #define HAVE_SYS_SELECT_H 1
| #define HAVE_SYS_SOCKET_H 1
| #define STDC_HEADERS 1
| #define HAVE_DLFCN_H 1
| #define LT_OBJDIR ".libs/"
| #define KLU /**/
| #define HAVE_STRINGS_H 1
| #define OS_COMPILED 0
| #define HAVE__PROC_MEMINFO 1
| #define X_DISPLAY_MISSING 1
| #define HAVE__BOOL 1
| #define HAVE_STDBOOL_H 1
| #define HAVE_DIRENT_H 1
| #define SELECT_TYPE_ARG1 int
| #define SELECT_TYPE_ARG234 (fd_set *)
| #define SELECT_TYPE_ARG5 (struct timeval *)
| #define HAVE_VPRINTF 1
| #define HAVE_FORK 1
| #define HAVE_VFORK 1
| #define X_DISPLAY_MISSING 1
| #define NOINTHELP 1
| #define HAVE_SIG_T 1
| #define HAVE_DIRENT_H 1
| #define HAVE_UNISTD_H 1
| #define HAVE_CTYPE_H 1
| #define HAVE_PWD_H 1
| #define HAVE_FCNTL_H 1
| #define HAVE_SYS_IOCTL_H 1
| #define HAVE_STROPTS_H 1
| #define HAVE_SYS_WAIT_H 1
| #define HAVE_ARPA_INET_H 1
| #define HAVE_NETDB_H 1
| #define HAVE_NETINET_IN_H 1
| #define HAVE_STDDEF_H 1
| #define HAVE_SYS_FILE_H 1
| #define HAVE_SYS_PARAM_H 1
| #define HAVE_SYS_SOCKET_H 1
| #define HAVE_SYS_TIME_H 1
| #define HAVE_SYS_TIMEB_H 1
| #define HAVE_STRUCT_TM_TM_ZONE 1
| #define HAVE_TM_ZONE 1
| #define HAVE_TIME 1
| #define HAVE_LOCALTIME 1
| #define HAVE_CLOCK_GETTIME 1
| #define HAVE_GETTIMEOFDAY 1
| #define HAVE_FTIME 1
| #define HAVE_TIMES 1
| #define HAVE_GETRUSAGE 1
| #define HAVE_UTIMES 1
| #define HAVE_GETRLIMIT 1
| #define HAVE_ENDPWENT 1
| #define HAVE_GETHOSTBYNAME 1
| #define HAVE_MEMSET 1
| #define HAVE_SELECT 1
| #define HAVE_SOCKET 1
| #define HAVE_STRDUP 1
| #define HAVE_STRERROR 1
| #define HAVE_STRNCASECMP 1
| #define HAVE_STRSTR 1
| #define HAVE_STRTOL 1
| #define HAVE_TERMIOS_H 1
| #define HAVE_ISATTY 1
| #define HAVE_TCGETATTR 1
| #define HAVE_TCSETATTR 1
| #define HAVE_WORKING_VFORK 1
| #define HAVE_WORKING_FORK 1
| #define HAVE_ACCESS 1
| #define HAVE_QSORT 1
| #define HAVE_DUP2 1
| #define HAVE_POPEN 1
| #define HAVE_TSEARCH 1
| #define HAVE_TDESTROY 1
| #define HAVE_STRCHR 1
| #define HAVE_STRRCHR 1
| #define HAVE_GETCWD 1
| #define HAVE_LIBM 1
| #define HAVE_FLOAT_H 1
| #define HAVE_LIMITS_H 1
| #define HAVE_VALUES_H 1
| /* end confdefs.h.  */
| 
| /* Override any GCC internal prototype to avoid an error.
|    Use char because int might match the return type of a GCC
|    builtin and then its argument prototype would still apply.  */
| char fftw_plan_dft_1d ();
| int
| main (void)
| {
| return fftw_plan_dft_1d ();
|   ;
|   return 0;
| }
configure:22792: result: no
configure:22805: checking for erfc
configure:22805: /emsdk/upstream/emscripten/emcc -o conftest -O2 -s -Wall -Wextra -Wmissing-prototypes -Wstrict-prototypes -Wnested-externs -Wold-style-definition -Wredundant-decls -Wconversion -Wno-unused-const-variable   conftest.c -lm   >&5
conftest.c:115:11: warning: a function declaration without a prototype is deprecated in all versions of C [-Wstrict-prototypes]
  115 | char erfc ();
      |           ^
      |            void
conftest.c:115:6: warning: incompatible redeclaration of library function 'erfc' [-Wincompatible-library-redeclaration]
  115 | char erfc ();
      |      ^
conftest.c:115:6: note: 'erfc' is a builtin with type 'double (double)'
2 warnings generated.
wasm-ld: warning: function signature mismatch: erfc
>>> defined as () -> i32 in /tmp/emscripten_temp_jzkrztqs/conftest.o
>>> defined as (f64) -> f64 in /emsdk/upstream/emscripten/cache/sysroot/lib/wasm32-emscripten/libc.a(erf.o)
configure:22805: $? = 0
configure:22805: result: yes
configure:22811: checking for logb
configure:22811: /emsdk/upstream/emscripten/emcc -o conftest -O2 -s -Wall -Wextra -Wmissing-prototypes -Wstrict-prototypes -Wnested-externs -Wold-style-definition -Wredundant-decls -Wconversion -Wno-unused-const-variable   conftest.c -lm   >&5
conftest.c:116:11: warning: a function declaration without a prototype is deprecated in all versions of C [-Wstrict-prototypes]
  116 | char logb ();
      |           ^
      |            void
conftest.c:116:6: warning: incompatible redeclaration of library function 'logb' [-Wincompatible-library-redeclaration]
  116 | char logb ();
      |      ^
conftest.c:116:6: note: 'logb' is a builtin with type 'double (double)'
2 warnings generated.
wasm-ld: warning: function signature mismatch: logb
>>> defined as () -> i32 in /tmp/emscripten_temp_rdq5g3fh/conftest.o
>>> defined as (f64) -> f64 in /emsdk/upstream/emscripten/cache/sysroot/lib/wasm32-emscripten/libc.a(logb.o)
configure:22811: $? = 0
configure:22811: result: yes
configure:22817: checking for scalb
configure:22817: /emsdk/upstream/emscripten/emcc -o conftest -O2 -s -Wall -Wextra -Wmissing-prototypes -Wstrict-prototypes -Wnested-externs -Wold-style-definition -Wredundant-decls -Wconversion -Wno-unused-const-variable   conftest.c -lm   >&5
conftest.c:117:12: warning: a function declaration without a prototype is deprecated in all versions of C [-Wstrict-prototypes]
  117 | char scalb ();
      |            ^
      |             void
1 warning generated.
wasm-ld: warning: function signature mismatch: scalb
>>> defined as () -> i32 in /tmp/emscripten_temp_31a_tgiu/conftest.o
>>> defined as (f64, f64) -> f64 in /emsdk/upstream/emscripten/cache/sysroot/lib/wasm32-emscripten/libc.a(scalb.o)
configure:22817: $? = 0
configure:22817: result: yes
configure:22823: checking for scalbn
configure:22823: /emsdk/upstream/emscripten/emcc -o conftest -O2 -s -Wall -Wextra -Wmissing-prototypes -Wstrict-prototypes -Wnested-externs -Wold-style-definition -Wredundant-decls -Wconversion -Wno-unused-const-variable   conftest.c -lm   >&5
conftest.c:118:13: warning: a function declaration without a prototype is deprecated in all versions of C [-Wstrict-prototypes]
  118 | char scalbn ();
      |             ^
      |              void
conftest.c:118:6: warning: incompatible redeclaration of library function 'scalbn' [-Wincompatible-library-redeclaration]
  118 | char scalbn ();
      |      ^
conftest.c:118:6: note: 'scalbn' is a builtin with type 'double (double, int)'
2 warnings generated.
wasm-ld: warning: function signature mismatch: scalbn
>>> defined as () -> i32 in /tmp/emscripten_temp_tppaz4tv/conftest.o
>>> defined as (f64, i32) -> f64 in /emsdk/upstream/emscripten/cache/sysroot/lib/wasm32-emscripten/libc.a(scalbn.o)
configure:22823: $? = 0
configure:22823: result: yes
configure:22829: checking for asinh
configure:22829: /emsdk/upstream/emscripten/emcc -o conftest -O2 -s -Wall -Wextra -Wmissing-prototypes -Wstrict-prototypes -Wnested-externs -Wold-style-definition -Wredundant-decls -Wconversion -Wno-unused-const-variable   conftest.c -lm   >&5
conftest.c:119:12: warning: a function declaration without a prototype is deprecated in all versions of C [-Wstrict-prototypes]
  119 | char asinh ();
      |            ^
      |             void
conftest.c:119:6: warning: incompatible redeclaration of library function 'asinh' [-Wincompatible-library-redeclaration]
  119 | char asinh ();
      |      ^
conftest.c:119:6: note: 'asinh' is a builtin with type 'double (double)'
2 warnings generated.
wasm-ld: warning: function signature mismatch: asinh
>>> defined as () -> i32 in /tmp/emscripten_temp_69o40l8q/conftest.o
>>> defined as (f64) -> f64 in /emsdk/upstream/emscripten/cache/sysroot/lib/wasm32-emscripten/libc.a(asinh.o)
configure:22829: $? = 0
configure:22829: result: yes
configure:22835: checking for acosh
configure:22835: /emsdk/upstream/emscripten/emcc -o conftest -O2 -s -Wall -Wextra -Wmissing-prototypes -Wstrict-prototypes -Wnested-externs -Wold-style-definition -Wredundant-decls -Wconversion -Wno-unused-const-variable   conftest.c -lm   >&5
conftest.c:120:12: warning: a function declaration without a prototype is deprecated in all versions of C [-Wstrict-prototypes]
  120 | char acosh ();
      |            ^
      |             void
conftest.c:120:6: warning: incompatible redeclaration of library function 'acosh' [-Wincompatible-library-redeclaration]
  120 | char acosh ();
      |      ^
conftest.c:120:6: note: 'acosh' is a builtin with type 'double (double)'
2 warnings generated.
wasm-ld: warning: function signature mismatch: acosh
>>> defined as () -> i32 in /tmp/emscripten_temp_igaxwdwv/conftest.o
>>> defined as (f64) -> f64 in /emsdk/upstream/emscripten/cache/sysroot/lib/wasm32-emscripten/libc.a(acosh.o)
configure:22835: $? = 0
configure:22835: result: yes
configure:22841: checking for atanh
configure:22841: /emsdk/upstream/emscripten/emcc -o conftest -O2 -s -Wall -Wextra -Wmissing-prototypes -Wstrict-prototypes -Wnested-externs -Wold-style-definition -Wredundant-decls -Wconversion -Wno-unused-const-variable   conftest.c -lm   >&5
conftest.c:121:12: warning: a function declaration without a prototype is deprecated in all versions of C [-Wstrict-prototypes]
  121 | char atanh ();
      |            ^
      |             void
conftest.c:121:6: warning: incompatible redeclaration of library function 'atanh' [-Wincompatible-library-redeclaration]
  121 | char atanh ();
      |      ^
conftest.c:121:6: note: 'atanh' is a builtin with type 'double (double)'
2 warnings generated.
wasm-ld: warning: function signature mismatch: atanh
>>> defined as () -> i32 in /tmp/emscripten_temp_dryiy3n6/conftest.o
>>> defined as (f64) -> f64 in /emsdk/upstream/emscripten/cache/sysroot/lib/wasm32-emscripten/libc.a(atanh.o)
configure:22841: $? = 0
configure:22841: result: yes
configure:22847: checking for finite
configure:22847: /emsdk/upstream/emscripten/emcc -o conftest -O2 -s -Wall -Wextra -Wmissing-prototypes -Wstrict-prototypes -Wnested-externs -Wold-style-definition -Wredundant-decls -Wconversion -Wno-unused-const-variable   conftest.c -lm   >&5
conftest.c:122:13: warning: a function declaration without a prototype is deprecated in all versions of C [-Wstrict-prototypes]
  122 | char finite ();
      |             ^
      |              void
conftest.c:122:6: warning: incompatible redeclaration of library function 'finite' [-Wincompatible-library-redeclaration]
  122 | char finite ();
      |      ^
conftest.c:122:6: note: 'finite' is a builtin with type 'int (double)'
2 warnings generated.
wasm-ld: warning: function signature mismatch: finite
>>> defined as () -> i32 in /tmp/emscripten_temp_2xwe4t4u/conftest.o
>>> defined as (f64) -> i32 in /emsdk/upstream/emscripten/cache/sysroot/lib/wasm32-emscripten/libc.a(finite.o)
configure:22847: $? = 0
configure:22847: result: yes
configure:22855: checking whether isinf is declared
configure:22855: /emsdk/upstream/emscripten/emcc -c -O2 -s -Wall -Wextra -Wmissing-prototypes -Wstrict-prototypes -Wnested-externs -Wold-style-definition -Wredundant-decls -Wconversion -Wno-unused-const-variable   conftest.c >&5
clang: warning: argument unused during compilation: '-s' [-Wunused-command-line-argument]
configure:22855: $? = 0
configure:22855: result: yes
configure:22865: checking whether isnan is declared
configure:22865: /emsdk/upstream/emscripten/emcc -c -O2 -s -Wall -Wextra -Wmissing-prototypes -Wstrict-prototypes -Wnested-externs -Wold-style-definition -Wredundant-decls -Wconversion -Wno-unused-const-variable   conftest.c >&5
clang: warning: argument unused during compilation: '-s' [-Wunused-command-line-argument]
configure:22865: $? = 0
configure:22865: result: yes
configure:22946: checking for sigsetjmp
configure:22959: /emsdk/upstream/emscripten/emcc -o conftest -O2 -s -Wall -Wextra -Wmissing-prototypes -Wstrict-prototypes -Wnested-externs -Wold-style-definition -Wredundant-decls -Wconversion -Wno-unused-const-variable   conftest.c -lm   >&5
configure:22959: $? = 0
configure:22961: result: yes
configure:22974: checking for snprintf
configure:22974: /emsdk/upstream/emscripten/emcc -o conftest -O2 -s -Wall -Wextra -Wmissing-prototypes -Wstrict-prototypes -Wnested-externs -Wold-style-definition -Wredundant-decls -Wconversion -Wno-unused-const-variable   conftest.c -lm   >&5
conftest.c:126:15: warning: a function declaration without a prototype is deprecated in all versions of C [-Wstrict-prototypes]
  126 | char snprintf ();
      |               ^
      |                void
conftest.c:126:6: warning: incompatible redeclaration of library function 'snprintf' [-Wincompatible-library-redeclaration]
  126 | char snprintf ();
      |      ^
conftest.c:126:6: note: 'snprintf' is a builtin with type 'int (char *restrict, __size_t, const char *restrict, ...)' (aka 'int (char *restrict, unsigned long, const char *restrict, ...)')
2 warnings generated.
wasm-ld: warning: function signature mismatch: snprintf
>>> defined as () -> i32 in /tmp/emscripten_temp_ho90jkoh/conftest.o
>>> defined as (i32, i32, i32, i32) -> i32 in /emsdk/upstream/emscripten/cache/sysroot/lib/wasm32-emscripten/libc.a(snprintf.o)
configure:22974: $? = 0
configure:22974: result: yes
configure:22986: checking for dirname
configure:22986: /emsdk/upstream/emscripten/emcc -o conftest -O2 -s -Wall -Wextra -Wmissing-prototypes -Wstrict-prototypes -Wnested-externs -Wold-style-definition -Wredundant-decls -Wconversion -Wno-unused-const-variable   conftest.c -lm   >&5
conftest.c:127:14: warning: a function declaration without a prototype is deprecated in all versions of C [-Wstrict-prototypes]
  127 | char dirname ();
      |              ^
      |               void
1 warning generated.
wasm-ld: warning: function signature mismatch: dirname
>>> defined as () -> i32 in /tmp/emscripten_temp_p6nw4xrz/conftest.o
>>> defined as (i32) -> i32 in /emsdk/upstream/emscripten/cache/sysroot/lib/wasm32-emscripten/libc.a(dirname.o)
configure:22986: $? = 0
configure:22986: result: yes
configure:23039: checking for getopt.h
configure:23039: /emsdk/upstream/emscripten/emcc -c -O2 -s -Wall -Wextra -Wmissing-prototypes -Wstrict-prototypes -Wnested-externs -Wold-style-definition -Wredundant-decls -Wconversion -Wno-unused-const-variable  conftest.c >&5
clang: warning: argument unused during compilation: '-s' [-Wunused-command-line-argument]
configure:23039: $? = 0
configure:23039: result: yes
configure:23046: checking for getopt_long
configure:23046: /emsdk/upstream/emscripten/emcc -o conftest -O2 -s -Wall -Wextra -Wmissing-prototypes -Wstrict-prototypes -Wnested-externs -Wold-style-definition -Wredundant-decls -Wconversion -Wno-unused-const-variable   conftest.c -lm   >&5
conftest.c:129:18: warning: a function declaration without a prototype is deprecated in all versions of C [-Wstrict-prototypes]
  129 | char getopt_long ();
      |                  ^
      |                   void
1 warning generated.
wasm-ld: warning: function signature mismatch: getopt_long
>>> defined as () -> i32 in /tmp/emscripten_temp_hfs0s9f4/conftest.o
>>> defined as (i32, i32, i32, i32, i32) -> i32 in /emsdk/upstream/emscripten/cache/sysroot/lib/wasm32-emscripten/libc.a(getopt_long.o)
configure:23046: $? = 0
configure:23046: result: yes
configure:23137: result: Settings which were chosen:
configure:23264: checking for bison
configure:23285: found /usr/bin/bison
configure:23296: result: bison -y
configure:23310: checking for bison
configure:23333: found /usr/bin/bison
configure:23345: result: /usr/bin/bison
configure:23362: checking for bison version
configure:23371: result: 3.8.2
configure:23440: checking for flex
configure:23461: found /usr/bin/flex
configure:23472: result: flex
configure:23521: checking for lex output file root
configure:23534: flex conftest.l
configure:23538: $? = 0
configure:23546: result: lex.yy
configure:23561: checking for lex library
configure:23586: /emsdk/upstream/emscripten/emcc -o conftest -O2 -s -Wall -Wextra -Wmissing-prototypes -Wstrict-prototypes -Wnested-externs -Wold-style-definition -Wredundant-decls -Wconversion -Wno-unused-const-variable   conftest.c -lm   >&5
lex.yy.c:666:13: warning: misleading indentation; statement is not part of the previous 'if' [-Wmisleading-indentation]
  666 |             if ( ! (yy_state_buf) )
      |             ^
lex.yy.c:664:9: note: previous statement is here
  664 |         if ( ! (yy_state_buf) )
      |         ^
lex.yy.c:1100:3: warning: misleading indentation; statement is not part of the previous 'if' [-Wmisleading-indentation]
 1100 |                 return yy_is_jam ? 0 : yy_current_state;
      |                 ^
lex.yy.c:1097:2: note: previous statement is here
 1097 |         if ( ! yy_is_jam )
      |         ^
2 warnings generated.
configure:23586: $? = 0
configure:23599: result: none needed
configure:23619: checking whether yytext is a pointer
configure:23635: /emsdk/upstream/emscripten/emcc -c -O2 -s -Wall -Wextra -Wmissing-prototypes -Wstrict-prototypes -Wnested-externs -Wold-style-definition -Wredundant-decls -Wconversion -Wno-unused-const-variable  conftest.c >&5
clang: warning: argument unused during compilation: '-s' [-Wunused-command-line-argument]
lex.yy.c:666:13: warning: misleading indentation; statement is not part of the previous 'if' [-Wmisleading-indentation]
  666 |             if ( ! (yy_state_buf) )
      |             ^
lex.yy.c:664:9: note: previous statement is here
  664 |         if ( ! (yy_state_buf) )
      |         ^
lex.yy.c:1100:3: warning: misleading indentation; statement is not part of the previous 'if' [-Wmisleading-indentation]
 1100 |                 return yy_is_jam ? 0 : yy_current_state;
      |                 ^
lex.yy.c:1097:2: note: previous statement is here
 1097 |         if ( ! yy_is_jam )
      |         ^
2 warnings generated.
configure:23635: $? = 0
configure:23642: result: yes
configure:23668: result: XSPICE features disabled
configure:23787: result: OSDI interface disabled
configure:23866: result: S parameter analysis enabled
configure:23965: result: GNU readline disabled.
configure:24221: result: BSD editline disabled.
configure:24349: checking for ncurses/termcap.h
configure:24349: /emsdk/upstream/emscripten/emcc -c -O2 -s -Wall -Wextra -Wmissing-prototypes -Wstrict-prototypes -Wnested-externs -Wold-style-definition -Wredundant-decls -Wconversion -Wno-unused-const-variable  conftest.c >&5
clang: warning: argument unused during compilation: '-s' [-Wunused-command-line-argument]
conftest.c:148:10: fatal error: 'ncurses/termcap.h' file not found
  148 | #include <ncurses/termcap.h>
      |          ^~~~~~~~~~~~~~~~~~~
1 error generated.
configure:24349: $? = 1
configure: failed program was:
| /* confdefs.h */
| #define PACKAGE_NAME "ngspice"
| #define PACKAGE_TARNAME "ngspice"
| #define PACKAGE_VERSION "45.2"
| #define PACKAGE_STRING "ngspice 45.2"
| #define PACKAGE_BUGREPORT "http://ngspice.sourceforge.net/bugrep.html"
| #define PACKAGE_URL ""
| #define PACKAGE "ngspice"
| #define VERSION "45.2"
| #define HAVE_STDIO_H 1
| #define HAVE_STDLIB_H 1
| #define HAVE_STRING_H 1
| #define HAVE_INTTYPES_H 1
| #define HAVE_STDINT_H 1
| #define HAVE_STRINGS_H 1
| #define HAVE_SYS_STAT_H 1
| #define HAVE_SYS_TYPES_H 1
| #define HAVE_UNISTD_H 1
| #define HAVE_SYS_SELECT_H 1
| #define HAVE_SYS_SOCKET_H 1
| #define STDC_HEADERS 1
| #define HAVE_DLFCN_H 1
| #define LT_OBJDIR ".libs/"
| #define KLU /**/
| #define HAVE_STRINGS_H 1
| #define OS_COMPILED 0
| #define HAVE__PROC_MEMINFO 1
| #define X_DISPLAY_MISSING 1
| #define HAVE__BOOL 1
| #define HAVE_STDBOOL_H 1
| #define HAVE_DIRENT_H 1
| #define SELECT_TYPE_ARG1 int
| #define SELECT_TYPE_ARG234 (fd_set *)
| #define SELECT_TYPE_ARG5 (struct timeval *)
| #define HAVE_VPRINTF 1
| #define HAVE_FORK 1
| #define HAVE_VFORK 1
| #define X_DISPLAY_MISSING 1
| #define NOINTHELP 1
| #define HAVE_SIG_T 1
| #define HAVE_DIRENT_H 1
| #define HAVE_UNISTD_H 1
| #define HAVE_CTYPE_H 1
| #define HAVE_PWD_H 1
| #define HAVE_FCNTL_H 1
| #define HAVE_SYS_IOCTL_H 1
| #define HAVE_STROPTS_H 1
| #define HAVE_SYS_WAIT_H 1
| #define HAVE_ARPA_INET_H 1
| #define HAVE_NETDB_H 1
| #define HAVE_NETINET_IN_H 1
| #define HAVE_STDDEF_H 1
| #define HAVE_SYS_FILE_H 1
| #define HAVE_SYS_PARAM_H 1
| #define HAVE_SYS_SOCKET_H 1
| #define HAVE_SYS_TIME_H 1
| #define HAVE_SYS_TIMEB_H 1
| #define HAVE_STRUCT_TM_TM_ZONE 1
| #define HAVE_TM_ZONE 1
| #define HAVE_TIME 1
| #define HAVE_LOCALTIME 1
| #define HAVE_CLOCK_GETTIME 1
| #define HAVE_GETTIMEOFDAY 1
| #define HAVE_FTIME 1
| #define HAVE_TIMES 1
| #define HAVE_GETRUSAGE 1
| #define HAVE_UTIMES 1
| #define HAVE_GETRLIMIT 1
| #define HAVE_ENDPWENT 1
| #define HAVE_GETHOSTBYNAME 1
| #define HAVE_MEMSET 1
| #define HAVE_SELECT 1
| #define HAVE_SOCKET 1
| #define HAVE_STRDUP 1
| #define HAVE_STRERROR 1
| #define HAVE_STRNCASECMP 1
| #define HAVE_STRSTR 1
| #define HAVE_STRTOL 1
| #define HAVE_TERMIOS_H 1
| #define HAVE_ISATTY 1
| #define HAVE_TCGETATTR 1
| #define HAVE_TCSETATTR 1
| #define HAVE_WORKING_VFORK 1
| #define HAVE_WORKING_FORK 1
| #define HAVE_ACCESS 1
| #define HAVE_QSORT 1
| #define HAVE_DUP2 1
| #define HAVE_POPEN 1
| #define HAVE_TSEARCH 1
| #define HAVE_TDESTROY 1
| #define HAVE_STRCHR 1
| #define HAVE_STRRCHR 1
| #define HAVE_GETCWD 1
| #define HAVE_LIBM 1
| #define HAVE_FLOAT_H 1
| #define HAVE_LIMITS_H 1
| #define HAVE_VALUES_H 1
| #define HAVE_ERFC 1
| #define HAVE_LOGB 1
| #define HAVE_SCALB 1
| #define HAVE_SCALBN 1
| #define HAVE_ASINH 1
| #define HAVE_ACOSH 1
| #define HAVE_ATANH 1
| #define HAVE_FINITE 1
| #define HAVE_DECL_ISINF 1
| #define HAVE_DECL_ISNAN 1
| #define HAVE_SIGSETJMP /**/
| #define HAVE_SNPRINTF 1
| #define HAVE_DIRNAME 1
| #define HAVE_GETOPT_H 1
| #define HAVE_GETOPT_LONG 1
| #define NGSPICEBINDIR "/usr/local/bin"
| #define NGSPICEDATADIR "/usr/local/share/ngspice"
| #define NGSPICELIBDIR "/usr/local/lib/ngspice"
| #define NGSPICEBUILDDATE "Tue Sep 15 20:43:49 UTC 2026"
| #define YYTEXT_POINTER 1
| #define RFSPICE 1
| /* end confdefs.h.  */
| #include <stddef.h>
| #ifdef HAVE_STDIO_H
| # include <stdio.h>
| #endif
| #ifdef HAVE_STDLIB_H
| # include <stdlib.h>
| #endif
| #ifdef HAVE_STRING_H
| # include <string.h>
| #endif
| #ifdef HAVE_INTTYPES_H
| # include <inttypes.h>
| #endif
| #ifdef HAVE_STDINT_H
| # include <stdint.h>
| #endif
| #ifdef HAVE_STRINGS_H
| # include <strings.h>
| #endif
| #ifdef HAVE_SYS_TYPES_H
| # include <sys/types.h>
| #endif
| #ifdef HAVE_SYS_STAT_H
| # include <sys/stat.h>
| #endif
| #ifdef HAVE_UNISTD_H
| # include <unistd.h>
| #endif
| #include <ncurses/termcap.h>
configure:24349: result: no
configure:24355: checking for termcap.h
configure:24355: /emsdk/upstream/emscripten/emcc -c -O2 -s -Wall -Wextra -Wmissing-prototypes -Wstrict-prototypes -Wnested-externs -Wold-style-definition -Wredundant-decls -Wconversion -Wno-unused-const-variable  conftest.c >&5
clang: warning: argument unused during compilation: '-s' [-Wunused-command-line-argument]
conftest.c:148:10: fatal error: 'termcap.h' file not found
  148 | #include <termcap.h>
      |          ^~~~~~~~~~~
1 error generated.
configure:24355: $? = 1
configure: failed program was:
| /* confdefs.h */
| #define PACKAGE_NAME "ngspice"
| #define PACKAGE_TARNAME "ngspice"
| #define PACKAGE_VERSION "45.2"
| #define PACKAGE_STRING "ngspice 45.2"
| #define PACKAGE_BUGREPORT "http://ngspice.sourceforge.net/bugrep.html"
| #define PACKAGE_URL ""
| #define PACKAGE "ngspice"
| #define VERSION "45.2"
| #define HAVE_STDIO_H 1
| #define HAVE_STDLIB_H 1
| #define HAVE_STRING_H 1
| #define HAVE_INTTYPES_H 1
| #define HAVE_STDINT_H 1
| #define HAVE_STRINGS_H 1
| #define HAVE_SYS_STAT_H 1
| #define HAVE_SYS_TYPES_H 1
| #define HAVE_UNISTD_H 1
| #define HAVE_SYS_SELECT_H 1
| #define HAVE_SYS_SOCKET_H 1
| #define STDC_HEADERS 1
| #define HAVE_DLFCN_H 1
| #define LT_OBJDIR ".libs/"
| #define KLU /**/
| #define HAVE_STRINGS_H 1
| #define OS_COMPILED 0
| #define HAVE__PROC_MEMINFO 1
| #define X_DISPLAY_MISSING 1
| #define HAVE__BOOL 1
| #define HAVE_STDBOOL_H 1
| #define HAVE_DIRENT_H 1
| #define SELECT_TYPE_ARG1 int
| #define SELECT_TYPE_ARG234 (fd_set *)
| #define SELECT_TYPE_ARG5 (struct timeval *)
| #define HAVE_VPRINTF 1
| #define HAVE_FORK 1
| #define HAVE_VFORK 1
| #define X_DISPLAY_MISSING 1
| #define NOINTHELP 1
| #define HAVE_SIG_T 1
| #define HAVE_DIRENT_H 1
| #define HAVE_UNISTD_H 1
| #define HAVE_CTYPE_H 1
| #define HAVE_PWD_H 1
| #define HAVE_FCNTL_H 1
| #define HAVE_SYS_IOCTL_H 1
| #define HAVE_STROPTS_H 1
| #define HAVE_SYS_WAIT_H 1
| #define HAVE_ARPA_INET_H 1
| #define HAVE_NETDB_H 1
| #define HAVE_NETINET_IN_H 1
| #define HAVE_STDDEF_H 1
| #define HAVE_SYS_FILE_H 1
| #define HAVE_SYS_PARAM_H 1
| #define HAVE_SYS_SOCKET_H 1
| #define HAVE_SYS_TIME_H 1
| #define HAVE_SYS_TIMEB_H 1
| #define HAVE_STRUCT_TM_TM_ZONE 1
| #define HAVE_TM_ZONE 1
| #define HAVE_TIME 1
| #define HAVE_LOCALTIME 1
| #define HAVE_CLOCK_GETTIME 1
| #define HAVE_GETTIMEOFDAY 1
| #define HAVE_FTIME 1
| #define HAVE_TIMES 1
| #define HAVE_GETRUSAGE 1
| #define HAVE_UTIMES 1
| #define HAVE_GETRLIMIT 1
| #define HAVE_ENDPWENT 1
| #define HAVE_GETHOSTBYNAME 1
| #define HAVE_MEMSET 1
| #define HAVE_SELECT 1
| #define HAVE_SOCKET 1
| #define HAVE_STRDUP 1
| #define HAVE_STRERROR 1
| #define HAVE_STRNCASECMP 1
| #define HAVE_STRSTR 1
| #define HAVE_STRTOL 1
| #define HAVE_TERMIOS_H 1
| #define HAVE_ISATTY 1
| #define HAVE_TCGETATTR 1
| #define HAVE_TCSETATTR 1
| #define HAVE_WORKING_VFORK 1
| #define HAVE_WORKING_FORK 1
| #define HAVE_ACCESS 1
| #define HAVE_QSORT 1
| #define HAVE_DUP2 1
| #define HAVE_POPEN 1
| #define HAVE_TSEARCH 1
| #define HAVE_TDESTROY 1
| #define HAVE_STRCHR 1
| #define HAVE_STRRCHR 1
| #define HAVE_GETCWD 1
| #define HAVE_LIBM 1
| #define HAVE_FLOAT_H 1
| #define HAVE_LIMITS_H 1
| #define HAVE_VALUES_H 1
| #define HAVE_ERFC 1
| #define HAVE_LOGB 1
| #define HAVE_SCALB 1
| #define HAVE_SCALBN 1
| #define HAVE_ASINH 1
| #define HAVE_ACOSH 1
| #define HAVE_ATANH 1
| #define HAVE_FINITE 1
| #define HAVE_DECL_ISINF 1
| #define HAVE_DECL_ISNAN 1
| #define HAVE_SIGSETJMP /**/
| #define HAVE_SNPRINTF 1
| #define HAVE_DIRNAME 1
| #define HAVE_GETOPT_H 1
| #define HAVE_GETOPT_LONG 1
| #define NGSPICEBINDIR "/usr/local/bin"
| #define NGSPICEDATADIR "/usr/local/share/ngspice"
| #define NGSPICELIBDIR "/usr/local/lib/ngspice"
| #define NGSPICEBUILDDATE "Tue Sep 15 20:43:49 UTC 2026"
| #define YYTEXT_POINTER 1
| #define RFSPICE 1
| /* end confdefs.h.  */
| #include <stddef.h>
| #ifdef HAVE_STDIO_H
| # include <stdio.h>
| #endif
| #ifdef HAVE_STDLIB_H
| # include <stdlib.h>
| #endif
| #ifdef HAVE_STRING_H
| # include <string.h>
| #endif
| #ifdef HAVE_INTTYPES_H
| # include <inttypes.h>
| #endif
| #ifdef HAVE_STDINT_H
| # include <stdint.h>
| #endif
| #ifdef HAVE_STRINGS_H
| # include <strings.h>
| #endif
| #ifdef HAVE_SYS_TYPES_H
| # include <sys/types.h>
| #endif
| #ifdef HAVE_SYS_STAT_H
| # include <sys/stat.h>
| #endif
| #ifdef HAVE_UNISTD_H
| # include <unistd.h>
| #endif
| #include <termcap.h>
configure:24355: result: no
configure:24361: checking for term.h
configure:24361: /emsdk/upstream/emscripten/emcc -c -O2 -s -Wall -Wextra -Wmissing-prototypes -Wstrict-prototypes -Wnested-externs -Wold-style-definition -Wredundant-decls -Wconversion -Wno-unused-const-variable  conftest.c >&5
clang: warning: argument unused during compilation: '-s' [-Wunused-command-line-argument]
conftest.c:148:10: fatal error: 'term.h' file not found
  148 | #include <term.h>
      |          ^~~~~~~~
1 error generated.
configure:24361: $? = 1
configure: failed program was:
| /* confdefs.h */
| #define PACKAGE_NAME "ngspice"
| #define PACKAGE_TARNAME "ngspice"
| #define PACKAGE_VERSION "45.2"
| #define PACKAGE_STRING "ngspice 45.2"
| #define PACKAGE_BUGREPORT "http://ngspice.sourceforge.net/bugrep.html"
| #define PACKAGE_URL ""
| #define PACKAGE "ngspice"
| #define VERSION "45.2"
| #define HAVE_STDIO_H 1
| #define HAVE_STDLIB_H 1
| #define HAVE_STRING_H 1
| #define HAVE_INTTYPES_H 1
| #define HAVE_STDINT_H 1
| #define HAVE_STRINGS_H 1
| #define HAVE_SYS_STAT_H 1
| #define HAVE_SYS_TYPES_H 1
| #define HAVE_UNISTD_H 1
| #define HAVE_SYS_SELECT_H 1
| #define HAVE_SYS_SOCKET_H 1
| #define STDC_HEADERS 1
| #define HAVE_DLFCN_H 1
| #define LT_OBJDIR ".libs/"
| #define KLU /**/
| #define HAVE_STRINGS_H 1
| #define OS_COMPILED 0
| #define HAVE__PROC_MEMINFO 1
| #define X_DISPLAY_MISSING 1
| #define HAVE__BOOL 1
| #define HAVE_STDBOOL_H 1
| #define HAVE_DIRENT_H 1
| #define SELECT_TYPE_ARG1 int
| #define SELECT_TYPE_ARG234 (fd_set *)
| #define SELECT_TYPE_ARG5 (struct timeval *)
| #define HAVE_VPRINTF 1
| #define HAVE_FORK 1
| #define HAVE_VFORK 1
| #define X_DISPLAY_MISSING 1
| #define NOINTHELP 1
| #define HAVE_SIG_T 1
| #define HAVE_DIRENT_H 1
| #define HAVE_UNISTD_H 1
| #define HAVE_CTYPE_H 1
| #define HAVE_PWD_H 1
| #define HAVE_FCNTL_H 1
| #define HAVE_SYS_IOCTL_H 1
| #define HAVE_STROPTS_H 1
| #define HAVE_SYS_WAIT_H 1
| #define HAVE_ARPA_INET_H 1
| #define HAVE_NETDB_H 1
| #define HAVE_NETINET_IN_H 1
| #define HAVE_STDDEF_H 1
| #define HAVE_SYS_FILE_H 1
| #define HAVE_SYS_PARAM_H 1
| #define HAVE_SYS_SOCKET_H 1
| #define HAVE_SYS_TIME_H 1
| #define HAVE_SYS_TIMEB_H 1
| #define HAVE_STRUCT_TM_TM_ZONE 1
| #define HAVE_TM_ZONE 1
| #define HAVE_TIME 1
| #define HAVE_LOCALTIME 1
| #define HAVE_CLOCK_GETTIME 1
| #define HAVE_GETTIMEOFDAY 1
| #define HAVE_FTIME 1
| #define HAVE_TIMES 1
| #define HAVE_GETRUSAGE 1
| #define HAVE_UTIMES 1
| #define HAVE_GETRLIMIT 1
| #define HAVE_ENDPWENT 1
| #define HAVE_GETHOSTBYNAME 1
| #define HAVE_MEMSET 1
| #define HAVE_SELECT 1
| #define HAVE_SOCKET 1
| #define HAVE_STRDUP 1
| #define HAVE_STRERROR 1
| #define HAVE_STRNCASECMP 1
| #define HAVE_STRSTR 1
| #define HAVE_STRTOL 1
| #define HAVE_TERMIOS_H 1
| #define HAVE_ISATTY 1
| #define HAVE_TCGETATTR 1
| #define HAVE_TCSETATTR 1
| #define HAVE_WORKING_VFORK 1
| #define HAVE_WORKING_FORK 1
| #define HAVE_ACCESS 1
| #define HAVE_QSORT 1
| #define HAVE_DUP2 1
| #define HAVE_POPEN 1
| #define HAVE_TSEARCH 1
| #define HAVE_TDESTROY 1
| #define HAVE_STRCHR 1
| #define HAVE_STRRCHR 1
| #define HAVE_GETCWD 1
| #define HAVE_LIBM 1
| #define HAVE_FLOAT_H 1
| #define HAVE_LIMITS_H 1
| #define HAVE_VALUES_H 1
| #define HAVE_ERFC 1
| #define HAVE_LOGB 1
| #define HAVE_SCALB 1
| #define HAVE_SCALBN 1
| #define HAVE_ASINH 1
| #define HAVE_ACOSH 1
| #define HAVE_ATANH 1
| #define HAVE_FINITE 1
| #define HAVE_DECL_ISINF 1
| #define HAVE_DECL_ISNAN 1
| #define HAVE_SIGSETJMP /**/
| #define HAVE_SNPRINTF 1
| #define HAVE_DIRNAME 1
| #define HAVE_GETOPT_H 1
| #define HAVE_GETOPT_LONG 1
| #define NGSPICEBINDIR "/usr/local/bin"
| #define NGSPICEDATADIR "/usr/local/share/ngspice"
| #define NGSPICELIBDIR "/usr/local/lib/ngspice"
| #define NGSPICEBUILDDATE "Tue Sep 15 20:43:49 UTC 2026"
| #define YYTEXT_POINTER 1
| #define RFSPICE 1
| /* end confdefs.h.  */
| #include <stddef.h>
| #ifdef HAVE_STDIO_H
| # include <stdio.h>
| #endif
| #ifdef HAVE_STDLIB_H
| # include <stdlib.h>
| #endif
| #ifdef HAVE_STRING_H
| # include <string.h>
| #endif
| #ifdef HAVE_INTTYPES_H
| # include <inttypes.h>
| #endif
| #ifdef HAVE_STDINT_H
| # include <stdint.h>
| #endif
| #ifdef HAVE_STRINGS_H
| # include <strings.h>
| #endif
| #ifdef HAVE_SYS_TYPES_H
| # include <sys/types.h>
| #endif
| #ifdef HAVE_SYS_STAT_H
| # include <sys/stat.h>
| #endif
| #ifdef HAVE_UNISTD_H
| # include <unistd.h>
| #endif
| #include <term.h>
configure:24361: result: no
configure:24368: checking for sys/sysctl.h
configure:24368: /emsdk/upstream/emscripten/emcc -c -O2 -s -Wall -Wextra -Wmissing-prototypes -Wstrict-prototypes -Wnested-externs -Wold-style-definition -Wredundant-decls -Wconversion -Wno-unused-const-variable  conftest.c >&5
clang: warning: argument unused during compilation: '-s' [-Wunused-command-line-argument]
conftest.c:148:10: fatal error: 'sys/sysctl.h' file not found
  148 | #include <sys/sysctl.h>
      |          ^~~~~~~~~~~~~~
1 error generated.
configure:24368: $? = 1
configure: failed program was:
| /* confdefs.h */
| #define PACKAGE_NAME "ngspice"
| #define PACKAGE_TARNAME "ngspice"
| #define PACKAGE_VERSION "45.2"
| #define PACKAGE_STRING "ngspice 45.2"
| #define PACKAGE_BUGREPORT "http://ngspice.sourceforge.net/bugrep.html"
| #define PACKAGE_URL ""
| #define PACKAGE "ngspice"
| #define VERSION "45.2"
| #define HAVE_STDIO_H 1
| #define HAVE_STDLIB_H 1
| #define HAVE_STRING_H 1
| #define HAVE_INTTYPES_H 1
| #define HAVE_STDINT_H 1
| #define HAVE_STRINGS_H 1
| #define HAVE_SYS_STAT_H 1
| #define HAVE_SYS_TYPES_H 1
| #define HAVE_UNISTD_H 1
| #define HAVE_SYS_SELECT_H 1
| #define HAVE_SYS_SOCKET_H 1
| #define STDC_HEADERS 1
| #define HAVE_DLFCN_H 1
| #define LT_OBJDIR ".libs/"
| #define KLU /**/
| #define HAVE_STRINGS_H 1
| #define OS_COMPILED 0
| #define HAVE__PROC_MEMINFO 1
| #define X_DISPLAY_MISSING 1
| #define HAVE__BOOL 1
| #define HAVE_STDBOOL_H 1
| #define HAVE_DIRENT_H 1
| #define SELECT_TYPE_ARG1 int
| #define SELECT_TYPE_ARG234 (fd_set *)
| #define SELECT_TYPE_ARG5 (struct timeval *)
| #define HAVE_VPRINTF 1
| #define HAVE_FORK 1
| #define HAVE_VFORK 1
| #define X_DISPLAY_MISSING 1
| #define NOINTHELP 1
| #define HAVE_SIG_T 1
| #define HAVE_DIRENT_H 1
| #define HAVE_UNISTD_H 1
| #define HAVE_CTYPE_H 1
| #define HAVE_PWD_H 1
| #define HAVE_FCNTL_H 1
| #define HAVE_SYS_IOCTL_H 1
| #define HAVE_STROPTS_H 1
| #define HAVE_SYS_WAIT_H 1
| #define HAVE_ARPA_INET_H 1
| #define HAVE_NETDB_H 1
| #define HAVE_NETINET_IN_H 1
| #define HAVE_STDDEF_H 1
| #define HAVE_SYS_FILE_H 1
| #define HAVE_SYS_PARAM_H 1
| #define HAVE_SYS_SOCKET_H 1
| #define HAVE_SYS_TIME_H 1
| #define HAVE_SYS_TIMEB_H 1
| #define HAVE_STRUCT_TM_TM_ZONE 1
| #define HAVE_TM_ZONE 1
| #define HAVE_TIME 1
| #define HAVE_LOCALTIME 1
| #define HAVE_CLOCK_GETTIME 1
| #define HAVE_GETTIMEOFDAY 1
| #define HAVE_FTIME 1
| #define HAVE_TIMES 1
| #define HAVE_GETRUSAGE 1
| #define HAVE_UTIMES 1
| #define HAVE_GETRLIMIT 1
| #define HAVE_ENDPWENT 1
| #define HAVE_GETHOSTBYNAME 1
| #define HAVE_MEMSET 1
| #define HAVE_SELECT 1
| #define HAVE_SOCKET 1
| #define HAVE_STRDUP 1
| #define HAVE_STRERROR 1
| #define HAVE_STRNCASECMP 1
| #define HAVE_STRSTR 1
| #define HAVE_STRTOL 1
| #define HAVE_TERMIOS_H 1
| #define HAVE_ISATTY 1
| #define HAVE_TCGETATTR 1
| #define HAVE_TCSETATTR 1
| #define HAVE_WORKING_VFORK 1
| #define HAVE_WORKING_FORK 1
| #define HAVE_ACCESS 1
| #define HAVE_QSORT 1
| #define HAVE_DUP2 1
| #define HAVE_POPEN 1
| #define HAVE_TSEARCH 1
| #define HAVE_TDESTROY 1
| #define HAVE_STRCHR 1
| #define HAVE_STRRCHR 1
| #define HAVE_GETCWD 1
| #define HAVE_LIBM 1
| #define HAVE_FLOAT_H 1
| #define HAVE_LIMITS_H 1
| #define HAVE_VALUES_H 1
| #define HAVE_ERFC 1
| #define HAVE_LOGB 1
| #define HAVE_SCALB 1
| #define HAVE_SCALBN 1
| #define HAVE_ASINH 1
| #define HAVE_ACOSH 1
| #define HAVE_ATANH 1
| #define HAVE_FINITE 1
| #define HAVE_DECL_ISINF 1
| #define HAVE_DECL_ISNAN 1
| #define HAVE_SIGSETJMP /**/
| #define HAVE_SNPRINTF 1
| #define HAVE_DIRNAME 1
| #define HAVE_GETOPT_H 1
| #define HAVE_GETOPT_LONG 1
| #define NGSPICEBINDIR "/usr/local/bin"
| #define NGSPICEDATADIR "/usr/local/share/ngspice"
| #define NGSPICELIBDIR "/usr/local/lib/ngspice"
| #define NGSPICEBUILDDATE "Tue Sep 15 20:43:49 UTC 2026"
| #define YYTEXT_POINTER 1
| #define RFSPICE 1
| /* end confdefs.h.  */
| #include <stddef.h>
| #ifdef HAVE_STDIO_H
| # include <stdio.h>
| #endif
| #ifdef HAVE_STDLIB_H
| # include <stdlib.h>
| #endif
| #ifdef HAVE_STRING_H
| # include <string.h>
| #endif
| #ifdef HAVE_INTTYPES_H
| # include <inttypes.h>
| #endif
| #ifdef HAVE_STDINT_H
| # include <stdint.h>
| #endif
| #ifdef HAVE_STRINGS_H
| # include <strings.h>
| #endif
| #ifdef HAVE_SYS_TYPES_H
| # include <sys/types.h>
| #endif
| #ifdef HAVE_SYS_STAT_H
| # include <sys/stat.h>
| #endif
| #ifdef HAVE_UNISTD_H
| # include <unistd.h>
| #endif
| #include <sys/sysctl.h>
configure:24368: result: no
configure:24464: result: OpenMP feature disabled
configure:24600: checking that generated files are newer than configure
configure:24606: result: done
configure:24753: creating ./config.status

## ---------------------- ##
## Running config.status. ##
## ---------------------- ##

This file was extended by ngspice config.status 45.2, which was
generated by GNU Autoconf 2.71.  Invocation command line was

  CONFIG_FILES    = 
  CONFIG_HEADERS  = 
  CONFIG_LINKS    = 
  CONFIG_COMMANDS = 
  $ ./config.status 

on a1c921cd2cef

config.status:1474: creating Makefile
config.status:1474: creating man/Makefile
config.status:1474: creating man/man1/Makefile
config.status:1474: creating ngspice.pc
config.status:1474: creating src/Makefile
config.status:1474: creating src/spicelib/Makefile
config.status:1474: creating src/spicelib/analysis/Makefile
config.status:1474: creating src/spicelib/devices/Makefile
config.status:1474: creating src/spicelib/devices/asrc/Makefile
config.status:1474: creating src/spicelib/devices/bjt/Makefile
config.status:1474: creating src/spicelib/devices/bsim1/Makefile
config.status:1474: creating src/spicelib/devices/bsim2/Makefile
config.status:1474: creating src/spicelib/devices/bsim3/Makefile
config.status:1474: creating src/spicelib/devices/bsim3v0/Makefile
config.status:1474: creating src/spicelib/devices/bsim3v1/Makefile
config.status:1474: creating src/spicelib/devices/bsim3v32/Makefile
config.status:1474: creating src/spicelib/devices/bsim4/Makefile
config.status:1474: creating src/spicelib/devices/bsim4v5/Makefile
config.status:1474: creating src/spicelib/devices/bsim4v6/Makefile
config.status:1474: creating src/spicelib/devices/bsim4v7/Makefile
config.status:1474: creating src/spicelib/devices/bsim3soi_pd/Makefile
config.status:1474: creating src/spicelib/devices/bsim3soi_fd/Makefile
config.status:1474: creating src/spicelib/devices/bsim3soi_dd/Makefile
config.status:1474: creating src/spicelib/devices/bsimsoi/Makefile
config.status:1474: creating src/spicelib/devices/cap/Makefile
config.status:1474: creating src/spicelib/devices/cccs/Makefile
config.status:1474: creating src/spicelib/devices/ccvs/Makefile
config.status:1474: creating src/spicelib/devices/csw/Makefile
config.status:1474: creating src/spicelib/devices/cpl/Makefile
config.status:1474: creating src/spicelib/devices/dio/Makefile
config.status:1474: creating src/spicelib/devices/ind/Makefile
config.status:1474: creating src/spicelib/devices/isrc/Makefile
config.status:1474: creating src/spicelib/devices/hfet1/Makefile
config.status:1474: creating src/spicelib/devices/hfet2/Makefile
config.status:1474: creating src/spicelib/devices/hisim2/Makefile
config.status:1474: creating src/spicelib/devices/hisimhv1/Makefile
config.status:1474: creating src/spicelib/devices/hisimhv2/Makefile
config.status:1474: creating src/spicelib/devices/jfet/Makefile
config.status:1474: creating src/spicelib/devices/jfet2/Makefile
config.status:1474: creating src/spicelib/devices/ltra/Makefile
config.status:1474: creating src/spicelib/devices/mes/Makefile
config.status:1474: creating src/spicelib/devices/mesa/Makefile
config.status:1474: creating src/spicelib/devices/mos1/Makefile
config.status:1474: creating src/spicelib/devices/mos2/Makefile
config.status:1474: creating src/spicelib/devices/mos3/Makefile
config.status:1474: creating src/spicelib/devices/mos6/Makefile
config.status:1474: creating src/spicelib/devices/mos9/Makefile
config.status:1474: creating src/spicelib/devices/ndev/Makefile
config.status:1474: creating src/spicelib/devices/res/Makefile
config.status:1474: creating src/spicelib/devices/soi3/Makefile
config.status:1474: creating src/spicelib/devices/sw/Makefile
config.status:1474: creating src/spicelib/devices/tra/Makefile
config.status:1474: creating src/spicelib/devices/txl/Makefile
config.status:1474: creating src/spicelib/devices/urc/Makefile
config.status:1474: creating src/spicelib/devices/vbic/Makefile
config.status:1474: creating src/spicelib/devices/vccs/Makefile
config.status:1474: creating src/spicelib/devices/vcvs/Makefile
config.status:1474: creating src/spicelib/devices/vdmos/Makefile
config.status:1474: creating src/spicelib/devices/vsrc/Makefile
config.status:1474: creating src/spicelib/devices/nbjt/Makefile
config.status:1474: creating src/spicelib/devices/nbjt2/Makefile
config.status:1474: creating src/spicelib/devices/numd/Makefile
config.status:1474: creating src/spicelib/devices/numd2/Makefile
config.status:1474: creating src/spicelib/devices/numos/Makefile
config.status:1474: creating src/spicelib/parser/Makefile
config.status:1474: creating src/ciderlib/Makefile
config.status:1474: creating src/ciderlib/input/Makefile
config.status:1474: creating src/ciderlib/support/Makefile
config.status:1474: creating src/ciderlib/oned/Makefile
config.status:1474: creating src/ciderlib/twod/Makefile
config.status:1474: creating src/frontend/Makefile
config.status:1474: creating src/frontend/numparam/Makefile
config.status:1474: creating src/frontend/help/Makefile
config.status:1474: creating src/frontend/parser/Makefile
config.status:1474: creating src/frontend/plotting/Makefile
config.status:1474: creating src/frontend/trannoise/Makefile
config.status:1474: creating src/frontend/wdisp/Makefile
config.status:1474: creating src/include/ngspice/Makefile
config.status:1474: creating src/include/cppduals/duals/Makefile
config.status:1474: creating src/maths/Makefile
config.status:1474: creating src/maths/cmaths/Makefile
config.status:1474: creating src/maths/fft/Makefile
config.status:1474: creating src/maths/misc/Makefile
config.status:1474: creating src/maths/ni/Makefile
config.status:1474: creating src/maths/deriv/Makefile
config.status:1474: creating src/maths/poly/Makefile
config.status:1474: creating src/maths/sparse/Makefile
config.status:1474: creating src/maths/dense/Makefile
config.status:1474: creating src/maths/KLU/Makefile
config.status:1474: creating src/misc/Makefile
config.status:1474: creating src/xspice/Makefile
config.status:1474: creating src/xspice/cm/Makefile
config.status:1474: creating src/xspice/cmpp/Makefile
config.status:1474: creating src/xspice/icm/makedefs
config.status:1474: creating src/xspice/icm/GNUmakefile
config.status:1474: creating src/xspice/mif/Makefile
config.status:1474: creating src/xspice/evt/Makefile
config.status:1474: creating src/xspice/enh/Makefile
config.status:1474: creating src/xspice/ipc/Makefile
config.status:1474: creating src/xspice/idn/Makefile
config.status:1474: creating src/xspice/verilog/Makefile
config.status:1474: creating src/xspice/vhdl/Makefile
config.status:1474: creating src/osdi/Makefile
config.status:1474: creating tests/Makefile
config.status:1474: creating tests/bsim1/Makefile
config.status:1474: creating tests/bsim2/Makefile
config.status:1474: creating tests/bsim3/Makefile
config.status:1474: creating tests/bsim3soidd/Makefile
config.status:1474: creating tests/bsim3soifd/Makefile
config.status:1474: creating tests/bsim3soipd/Makefile
config.status:1474: creating tests/bsim4/Makefile
config.status:1474: creating tests/bsimsoi/Makefile
config.status:1474: creating tests/filters/Makefile
config.status:1474: creating tests/general/Makefile
config.status:1474: creating tests/hfet/Makefile
config.status:1474: creating tests/hisim/Makefile
config.status:1474: creating tests/hisimhv1/Makefile
config.status:1474: creating tests/hisimhv2/Makefile
config.status:1474: creating tests/jfet/Makefile
config.status:1474: creating tests/mes/Makefile
config.status:1474: creating tests/mesa/Makefile
config.status:1474: creating tests/mos6/Makefile
config.status:1474: creating tests/polezero/Makefile
config.status:1474: creating tests/regression/Makefile
config.status:1474: creating tests/regression/subckt-processing/Makefile
config.status:1474: creating tests/regression/lib-processing/Makefile
config.status:1474: creating tests/regression/parser/Makefile
config.status:1474: creating tests/regression/func/Makefile
config.status:1474: creating tests/regression/model/Makefile
config.status:1474: creating tests/regression/misc/Makefile
config.status:1474: creating tests/regression/sens/Makefile
config.status:1474: creating tests/regression/temper/Makefile
config.status:1474: creating tests/regression/pipe/Makefile
config.status:1474: creating tests/regression/pz/Makefile
config.status:1474: creating tests/sensitivity/Makefile
config.status:1474: creating tests/transient/Makefile
config.status:1474: creating tests/transmission/Makefile
config.status:1474: creating tests/xspice/Makefile
config.status:1474: creating tests/xspice/digital/Makefile
config.status:1474: creating tests/xspice/digital/spinit
config.status:1474: creating tests/resistance/Makefile
config.status:1474: creating tests/vbic/Makefile
config.status:1474: creating src/include/ngspice/config.h
config.status:1688: executing depfiles commands
config.status:1765: cd src       && sed -e '/# am--include-marker/d' Makefile         | make -f - am--depfiles
config.status:1770: $? = 0
config.status:1765: cd src/spicelib/analysis       && sed -e '/# am--include-marker/d' Makefile         | make -f - am--depfiles
config.status:1770: $? = 0
config.status:1765: cd src/spicelib/devices       && sed -e '/# am--include-marker/d' Makefile         | make -f - am--depfiles
config.status:1770: $? = 0
config.status:1765: cd src/spicelib/devices/asrc       && sed -e '/# am--include-marker/d' Makefile         | make -f - am--depfiles
config.status:1770: $? = 0
config.status:1765: cd src/spicelib/devices/bjt       && sed -e '/# am--include-marker/d' Makefile         | make -f - am--depfiles
config.status:1770: $? = 0
config.status:1765: cd src/spicelib/devices/bsim1       && sed -e '/# am--include-marker/d' Makefile         | make -f - am--depfiles
config.status:1770: $? = 0
config.status:1765: cd src/spicelib/devices/bsim2       && sed -e '/# am--include-marker/d' Makefile         | make -f - am--depfiles
config.status:1770: $? = 0
config.status:1765: cd src/spicelib/devices/bsim3       && sed -e '/# am--include-marker/d' Makefile         | make -f - am--depfiles
config.status:1770: $? = 0
config.status:1765: cd src/spicelib/devices/bsim3v0       && sed -e '/# am--include-marker/d' Makefile         | make -f - am--depfiles
config.status:1770: $? = 0
config.status:1765: cd src/spicelib/devices/bsim3v1       && sed -e '/# am--include-marker/d' Makefile         | make -f - am--depfiles
config.status:1770: $? = 0
config.status:1765: cd src/spicelib/devices/bsim3v32       && sed -e '/# am--include-marker/d' Makefile         | make -f - am--depfiles
config.status:1770: $? = 0
config.status:1765: cd src/spicelib/devices/bsim4       && sed -e '/# am--include-marker/d' Makefile         | make -f - am--depfiles
config.status:1770: $? = 0
config.status:1765: cd src/spicelib/devices/bsim4v5       && sed -e '/# am--include-marker/d' Makefile         | make -f - am--depfiles
config.status:1770: $? = 0
config.status:1765: cd src/spicelib/devices/bsim4v6       && sed -e '/# am--include-marker/d' Makefile         | make -f - am--depfiles
config.status:1770: $? = 0
config.status:1765: cd src/spicelib/devices/bsim4v7       && sed -e '/# am--include-marker/d' Makefile         | make -f - am--depfiles
config.status:1770: $? = 0
config.status:1765: cd src/spicelib/devices/bsim3soi_pd       && sed -e '/# am--include-marker/d' Makefile         | make -f - am--depfiles
config.status:1770: $? = 0
config.status:1765: cd src/spicelib/devices/bsim3soi_fd       && sed -e '/# am--include-marker/d' Makefile         | make -f - am--depfiles
config.status:1770: $? = 0
config.status:1765: cd src/spicelib/devices/bsim3soi_dd       && sed -e '/# am--include-marker/d' Makefile         | make -f - am--depfiles
config.status:1770: $? = 0
config.status:1765: cd src/spicelib/devices/bsimsoi       && sed -e '/# am--include-marker/d' Makefile         | make -f - am--depfiles
config.status:1770: $? = 0
config.status:1765: cd src/spicelib/devices/cap       && sed -e '/# am--include-marker/d' Makefile         | make -f - am--depfiles
config.status:1770: $? = 0
config.status:1765: cd src/spicelib/devices/cccs       && sed -e '/# am--include-marker/d' Makefile         | make -f - am--depfiles
config.status:1770: $? = 0
config.status:1765: cd src/spicelib/devices/ccvs       && sed -e '/# am--include-marker/d' Makefile         | make -f - am--depfiles
config.status:1770: $? = 0
config.status:1765: cd src/spicelib/devices/csw       && sed -e '/# am--include-marker/d' Makefile         | make -f - am--depfiles
config.status:1770: $? = 0
config.status:1765: cd src/spicelib/devices/cpl       && sed -e '/# am--include-marker/d' Makefile         | make -f - am--depfiles
config.status:1770: $? = 0
config.status:1765: cd src/spicelib/devices/dio       && sed -e '/# am--include-marker/d' Makefile         | make -f - am--depfiles
config.status:1770: $? = 0
config.status:1765: cd src/spicelib/devices/ind       && sed -e '/# am--include-marker/d' Makefile         | make -f - am--depfiles
config.status:1770: $? = 0
config.status:1765: cd src/spicelib/devices/isrc       && sed -e '/# am--include-marker/d' Makefile         | make -f - am--depfiles
config.status:1770: $? = 0
config.status:1765: cd src/spicelib/devices/hfet1       && sed -e '/# am--include-marker/d' Makefile         | make -f - am--depfiles
config.status:1770: $? = 0
config.status:1765: cd src/spicelib/devices/hfet2       && sed -e '/# am--include-marker/d' Makefile         | make -f - am--depfiles
config.status:1770: $? = 0
config.status:1765: cd src/spicelib/devices/hisim2       && sed -e '/# am--include-marker/d' Makefile         | make -f - am--depfiles
config.status:1770: $? = 0
config.status:1765: cd src/spicelib/devices/hisimhv1       && sed -e '/# am--include-marker/d' Makefile         | make -f - am--depfiles
config.status:1770: $? = 0
config.status:1765: cd src/spicelib/devices/hisimhv2       && sed -e '/# am--include-marker/d' Makefile         | make -f - am--depfiles
config.status:1770: $? = 0
config.status:1765: cd src/spicelib/devices/jfet       && sed -e '/# am--include-marker/d' Makefile         | make -f - am--depfiles
config.status:1770: $? = 0
config.status:1765: cd src/spicelib/devices/jfet2       && sed -e '/# am--include-marker/d' Makefile         | make -f - am--depfiles
config.status:1770: $? = 0
config.status:1765: cd src/spicelib/devices/ltra       && sed -e '/# am--include-marker/d' Makefile         | make -f - am--depfiles
config.status:1770: $? = 0
config.status:1765: cd src/spicelib/devices/mes       && sed -e '/# am--include-marker/d' Makefile         | make -f - am--depfiles
config.status:1770: $? = 0
config.status:1765: cd src/spicelib/devices/mesa       && sed -e '/# am--include-marker/d' Makefile         | make -f - am--depfiles
config.status:1770: $? = 0
config.status:1765: cd src/spicelib/devices/mos1       && sed -e '/# am--include-marker/d' Makefile         | make -f - am--depfiles
config.status:1770: $? = 0
config.status:1765: cd src/spicelib/devices/mos2       && sed -e '/# am--include-marker/d' Makefile         | make -f - am--depfiles
config.status:1770: $? = 0
config.status:1765: cd src/spicelib/devices/mos3       && sed -e '/# am--include-marker/d' Makefile         | make -f - am--depfiles
config.status:1770: $? = 0
config.status:1765: cd src/spicelib/devices/mos6       && sed -e '/# am--include-marker/d' Makefile         | make -f - am--depfiles
config.status:1770: $? = 0
config.status:1765: cd src/spicelib/devices/mos9       && sed -e '/# am--include-marker/d' Makefile         | make -f - am--depfiles
config.status:1770: $? = 0
config.status:1765: cd src/spicelib/devices/ndev       && sed -e '/# am--include-marker/d' Makefile         | make -f - am--depfiles
config.status:1770: $? = 0
config.status:1765: cd src/spicelib/devices/res       && sed -e '/# am--include-marker/d' Makefile         | make -f - am--depfiles
config.status:1770: $? = 0
config.status:1765: cd src/spicelib/devices/soi3       && sed -e '/# am--include-marker/d' Makefile         | make -f - am--depfiles
config.status:1770: $? = 0
config.status:1765: cd src/spicelib/devices/sw       && sed -e '/# am--include-marker/d' Makefile         | make -f - am--depfiles
config.status:1770: $? = 0
config.status:1765: cd src/spicelib/devices/tra       && sed -e '/# am--include-marker/d' Makefile         | make -f - am--depfiles
config.status:1770: $? = 0
config.status:1765: cd src/spicelib/devices/txl       && sed -e '/# am--include-marker/d' Makefile         | make -f - am--depfiles
config.status:1770: $? = 0
config.status:1765: cd src/spicelib/devices/urc       && sed -e '/# am--include-marker/d' Makefile         | make -f - am--depfiles
config.status:1770: $? = 0
config.status:1765: cd src/spicelib/devices/vbic       && sed -e '/# am--include-marker/d' Makefile         | make -f - am--depfiles
config.status:1770: $? = 0
config.status:1765: cd src/spicelib/devices/vccs       && sed -e '/# am--include-marker/d' Makefile         | make -f - am--depfiles
config.status:1770: $? = 0
config.status:1765: cd src/spicelib/devices/vcvs       && sed -e '/# am--include-marker/d' Makefile         | make -f - am--depfiles
config.status:1770: $? = 0
config.status:1765: cd src/spicelib/devices/vdmos       && sed -e '/# am--include-marker/d' Makefile         | make -f - am--depfiles
config.status:1770: $? = 0
config.status:1765: cd src/spicelib/devices/vsrc       && sed -e '/# am--include-marker/d' Makefile         | make -f - am--depfiles
config.status:1770: $? = 0
config.status:1765: cd src/spicelib/devices/nbjt       && sed -e '/# am--include-marker/d' Makefile         | make -f - am--depfiles
config.status:1770: $? = 0
config.status:1765: cd src/spicelib/devices/nbjt2       && sed -e '/# am--include-marker/d' Makefile         | make -f - am--depfiles
config.status:1770: $? = 0
config.status:1765: cd src/spicelib/devices/numd       && sed -e '/# am--include-marker/d' Makefile         | make -f - am--depfiles
config.status:1770: $? = 0
config.status:1765: cd src/spicelib/devices/numd2       && sed -e '/# am--include-marker/d' Makefile         | make -f - am--depfiles
config.status:1770: $? = 0
config.status:1765: cd src/spicelib/devices/numos       && sed -e '/# am--include-marker/d' Makefile         | make -f - am--depfiles
config.status:1770: $? = 0
config.status:1765: cd src/spicelib/parser       && sed -e '/# am--include-marker/d' Makefile         | make -f - am--depfiles
config.status:1770: $? = 0
config.status:1765: cd src/ciderlib/input       && sed -e '/# am--include-marker/d' Makefile         | make -f - am--depfiles
config.status:1770: $? = 0
config.status:1765: cd src/ciderlib/support       && sed -e '/# am--include-marker/d' Makefile         | make -f - am--depfiles
config.status:1770: $? = 0
config.status:1765: cd src/ciderlib/oned       && sed -e '/# am--include-marker/d' Makefile         | make -f - am--depfiles
config.status:1770: $? = 0
config.status:1765: cd src/ciderlib/twod       && sed -e '/# am--include-marker/d' Makefile         | make -f - am--depfiles
config.status:1770: $? = 0
config.status:1765: cd src/frontend       && sed -e '/# am--include-marker/d' Makefile         | make -f - am--depfiles
config.status:1770: $? = 0
config.status:1765: cd src/frontend/numparam       && sed -e '/# am--include-marker/d' Makefile         | make -f - am--depfiles
config.status:1770: $? = 0
config.status:1765: cd src/frontend/help       && sed -e '/# am--include-marker/d' Makefile         | make -f - am--depfiles
config.status:1770: $? = 0
config.status:1765: cd src/frontend/parser       && sed -e '/# am--include-marker/d' Makefile         | make -f - am--depfiles
config.status:1770: $? = 0
config.status:1765: cd src/frontend/plotting       && sed -e '/# am--include-marker/d' Makefile         | make -f - am--depfiles
config.status:1770: $? = 0
config.status:1765: cd src/frontend/trannoise       && sed -e '/# am--include-marker/d' Makefile         | make -f - am--depfiles
config.status:1770: $? = 0
config.status:1765: cd src/frontend/wdisp       && sed -e '/# am--include-marker/d' Makefile         | make -f - am--depfiles
config.status:1770: $? = 0
config.status:1765: cd src/maths/cmaths       && sed -e '/# am--include-marker/d' Makefile         | make -f - am--depfiles
config.status:1770: $? = 0
config.status:1765: cd src/maths/fft       && sed -e '/# am--include-marker/d' Makefile         | make -f - am--depfiles
config.status:1770: $? = 0
config.status:1765: cd src/maths/misc       && sed -e '/# am--include-marker/d' Makefile         | make -f - am--depfiles
config.status:1770: $? = 0
config.status:1765: cd src/maths/ni       && sed -e '/# am--include-marker/d' Makefile         | make -f - am--depfiles
config.status:1770: $? = 0
config.status:1765: cd src/maths/deriv       && sed -e '/# am--include-marker/d' Makefile         | make -f - am--depfiles
config.status:1770: $? = 0
config.status:1765: cd src/maths/poly       && sed -e '/# am--include-marker/d' Makefile         | make -f - am--depfiles
config.status:1770: $? = 0
config.status:1765: cd src/maths/sparse       && sed -e '/# am--include-marker/d' Makefile         | make -f - am--depfiles
config.status:1770: $? = 0
config.status:1765: cd src/maths/dense       && sed -e '/# am--include-marker/d' Makefile         | make -f - am--depfiles
config.status:1770: $? = 0
config.status:1765: cd src/maths/KLU       && sed -e '/# am--include-marker/d' Makefile         | make -f - am--depfiles
config.status:1770: $? = 0
config.status:1765: cd src/misc       && sed -e '/# am--include-marker/d' Makefile         | make -f - am--depfiles
config.status:1770: $? = 0
config.status:1765: cd src/xspice/cm       && sed -e '/# am--include-marker/d' Makefile         | make -f - am--depfiles
config.status:1770: $? = 0
config.status:1765: cd src/xspice/cmpp       && sed -e '/# am--include-marker/d' Makefile         | make -f - am--depfiles
config.status:1770: $? = 0
config.status:1765: cd src/xspice/mif       && sed -e '/# am--include-marker/d' Makefile         | make -f - am--depfiles
config.status:1770: $? = 0
config.status:1765: cd src/xspice/evt       && sed -e '/# am--include-marker/d' Makefile         | make -f - am--depfiles
config.status:1770: $? = 0
config.status:1765: cd src/xspice/enh       && sed -e '/# am--include-marker/d' Makefile         | make -f - am--depfiles
config.status:1770: $? = 0
config.status:1765: cd src/xspice/ipc       && sed -e '/# am--include-marker/d' Makefile         | make -f - am--depfiles
config.status:1770: $? = 0
config.status:1765: cd src/xspice/idn       && sed -e '/# am--include-marker/d' Makefile         | make -f - am--depfiles
config.status:1770: $? = 0
config.status:1765: cd src/xspice/verilog       && sed -e '/# am--include-marker/d' Makefile         | make -f - am--depfiles
config.status:1770: $? = 0
config.status:1765: cd src/osdi       && sed -e '/# am--include-marker/d' Makefile         | make -f - am--depfiles
config.status:1770: $? = 0
config.status:1688: executing libtool commands
config.status:1688: executing mkdir commands

## ---------------- ##
## Cache variables. ##
## ---------------- ##

ac_cv_build=x86_64-pc-linux-gnu
ac_cv_build_prog_CPP='gcc -E'
ac_cv_build_prog_cc_g=yes
ac_cv_c_compiler_gnu=yes
ac_cv_c_undeclared_builtin_options='none needed'
ac_cv_cxx_compiler_gnu=yes
ac_cv_env_CCC_set=
ac_cv_env_CCC_value=
ac_cv_env_CC_set=set
ac_cv_env_CC_value=/emsdk/upstream/emscripten/emcc
ac_cv_env_CFLAGS_set=
ac_cv_env_CFLAGS_value=
ac_cv_env_CPPFLAGS_set=
ac_cv_env_CPPFLAGS_value=
ac_cv_env_CPP_set=
ac_cv_env_CPP_value=
ac_cv_env_CXXCPP_set=
ac_cv_env_CXXCPP_value=
ac_cv_env_CXXFLAGS_set=
ac_cv_env_CXXFLAGS_value=
ac_cv_env_CXX_set=set
ac_cv_env_CXX_value=/emsdk/upstream/emscripten/em++
ac_cv_env_LDFLAGS_set=
ac_cv_env_LDFLAGS_value=
ac_cv_env_LIBS_set=
ac_cv_env_LIBS_value=
ac_cv_env_LT_SYS_LIBRARY_PATH_set=
ac_cv_env_LT_SYS_LIBRARY_PATH_value=
ac_cv_env_XMKMF_set=
ac_cv_env_XMKMF_value=
ac_cv_env_YACC_set=
ac_cv_env_YACC_value=
ac_cv_env_YFLAGS_set=
ac_cv_env_YFLAGS_value=
ac_cv_env_build_alias_set=set
ac_cv_env_build_alias_value=x86_64-pc-linux-gnu
ac_cv_env_host_alias_set=set
ac_cv_env_host_alias_value=wasm32-unknown-emscripten
ac_cv_env_target_alias_set=
ac_cv_env_target_alias_value=
ac_cv_func_access=yes
ac_cv_func_acosh=yes
ac_cv_func_asinh=yes
ac_cv_func_atanh=yes
ac_cv_func_clock_gettime=yes
ac_cv_func_closedir_void=no
ac_cv_func_dirname=yes
ac_cv_func_dup2=yes
ac_cv_func_endpwent=yes
ac_cv_func_erfc=yes
ac_cv_func_finite=yes
ac_cv_func_fork=yes
ac_cv_func_fork_works=yes
ac_cv_func_ftime=yes
ac_cv_func_getcwd=yes
ac_cv_func_gethostbyname=yes
ac_cv_func_getopt_long=yes
ac_cv_func_getrlimit=yes
ac_cv_func_getrusage=yes
ac_cv_func_gettimeofday=yes
ac_cv_func_isatty=yes
ac_cv_func_localtime=yes
ac_cv_func_logb=yes
ac_cv_func_memset=yes
ac_cv_func_popen=yes
ac_cv_func_qsort=yes
ac_cv_func_queryperformancecounter=no
ac_cv_func_scalb=yes
ac_cv_func_scalbn=yes
ac_cv_func_select=yes
ac_cv_func_select_args='int,fd_set *,struct timeval *'
ac_cv_func_snprintf=yes
ac_cv_func_socket=yes
ac_cv_func_strchr=yes
ac_cv_func_strdup=yes
ac_cv_func_strerror=yes
ac_cv_func_strncasecmp=yes
ac_cv_func_strrchr=yes
ac_cv_func_strstr=yes
ac_cv_func_strtol=yes
ac_cv_func_tcgetattr=yes
ac_cv_func_tcsetattr=yes
ac_cv_func_tdestroy=yes
ac_cv_func_time=yes
ac_cv_func_times=yes
ac_cv_func_tsearch=yes
ac_cv_func_utimes=yes
ac_cv_func_vfork=yes
ac_cv_func_vfork_works=yes
ac_cv_func_vprintf=yes
ac_cv_have_decl_isinf=yes
ac_cv_have_decl_isnan=yes
ac_cv_header__proc_meminfo=yes
ac_cv_header_arpa_inet_h=yes
ac_cv_header_ctype_h=yes
ac_cv_header_dirent_dirent_h=yes
ac_cv_header_dlfcn_h=yes
ac_cv_header_fcntl_h=yes
ac_cv_header_fftw3_h=no
ac_cv_header_float_h=yes
ac_cv_header_getopt_h=yes
ac_cv_header_ieeefp_h=no
ac_cv_header_inttypes_h=yes
ac_cv_header_limits_h=yes
ac_cv_header_ncurses_termcap_h=no
ac_cv_header_netdb_h=yes
ac_cv_header_netinet_in_h=yes
ac_cv_header_pwd_h=yes
ac_cv_header_stat_broken=no
ac_cv_header_stdbool_h=yes
ac_cv_header_stddef_h=yes
ac_cv_header_stdint_h=yes
ac_cv_header_stdio_h=yes
ac_cv_header_stdlib_h=yes
ac_cv_header_string_h=yes
ac_cv_header_strings_h=yes
ac_cv_header_stropts_h=yes
ac_cv_header_sys_file_h=yes
ac_cv_header_sys_io_h=no
ac_cv_header_sys_ioctl_h=yes
ac_cv_header_sys_param_h=yes
ac_cv_header_sys_select_h=yes
ac_cv_header_sys_socket_h=yes
ac_cv_header_sys_stat_h=yes
ac_cv_header_sys_sysctl_h=no
ac_cv_header_sys_time_h=yes
ac_cv_header_sys_timeb_h=yes
ac_cv_header_sys_types_h=yes
ac_cv_header_sys_wait_h=yes
ac_cv_header_term_h=no
ac_cv_header_termcap_h=no
ac_cv_header_termios_h=yes
ac_cv_header_unistd_h=yes
ac_cv_header_values_h=yes
ac_cv_header_vfork_h=no
ac_cv_host=wasm32-unknown-emscripten
ac_cv_lib_fftw3_fftw_plan_dft_1d=no
ac_cv_lib_lex='none needed'
ac_cv_lib_m_sqrt=yes
ac_cv_member_struct_tm_tm_zone=yes
ac_cv_objext=o
ac_cv_path_BISON=/usr/bin/bison
ac_cv_path_EGREP='/usr/bin/grep -E'
ac_cv_path_FGREP='/usr/bin/grep -F'
ac_cv_path_GREP=/usr/bin/grep
ac_cv_path_SED=/usr/bin/sed
ac_cv_path_install='/usr/bin/install -c'
ac_cv_path_lt_DD=/usr/bin/dd
ac_cv_path_mkdir=/usr/bin/mkdir
ac_cv_prog_AR=/emsdk/upstream/emscripten/emar
ac_cv_prog_AWK=mawk
ac_cv_prog_CC=/emsdk/upstream/emscripten/emcc
ac_cv_prog_CPP='/emsdk/upstream/emscripten/emcc -E'
ac_cv_prog_CXXCPP='/emsdk/upstream/emscripten/em++ -E'
ac_cv_prog_LEX=flex
ac_cv_prog_RANLIB=/emsdk/upstream/emscripten/emranlib
ac_cv_prog_STRIP=strip
ac_cv_prog_YACC='bison -y'
ac_cv_prog_ac_ct_CC_FOR_BUILD=gcc
ac_cv_prog_ac_ct_FILECMD=file
ac_cv_prog_ac_ct_OBJDUMP=objdump
ac_cv_prog_ac_ct_STRIP=strip
ac_cv_prog_cc_c11=
ac_cv_prog_cc_g=yes
ac_cv_prog_cc_stdc=
ac_cv_prog_cxx_cxx11=
ac_cv_prog_cxx_g=yes
ac_cv_prog_cxx_stdcxx=
ac_cv_prog_lex_root=lex.yy
ac_cv_prog_lex_yytext_pointer=yes
ac_cv_prog_make_make_set=yes
ac_cv_search_opendir='none required'
ac_cv_struct_tm=time.h
ac_cv_type__Bool=yes
ac_cv_type___sighandler_t=no
ac_cv_type_pid_t=yes
ac_cv_type_sig_t=yes
ac_cv_type_sighandler_t=no
ac_cv_type_size_t=yes
am_cv_CC_dependencies_compiler_type=gcc3
am_cv_CXX_dependencies_compiler_type=gcc3
am_cv_ar_interface=ar
am_cv_make_support_nested_variables=yes
am_cv_prog_cc_c_o=yes
lt_cv_ar_at_file=@
lt_cv_archive_cmds_need_lc=yes
lt_cv_deplibs_check_method=unknown
lt_cv_file_magic_cmd='$MAGIC_CMD'
lt_cv_file_magic_test_file=
lt_cv_ld_reload_flag=-r
lt_cv_nm_interface='BSD nm'
lt_cv_objdir=.libs
lt_cv_path_LD=/emsdk/upstream/emscripten/emcc
lt_cv_path_LDCXX=/emsdk/upstream/emscripten/emcc
lt_cv_path_NM=/emsdk/upstream/bin/llvm-nm
lt_cv_path_mainfest_tool=no
lt_cv_prog_compiler_c_o=yes
lt_cv_prog_compiler_c_o_CXX=yes
lt_cv_prog_compiler_pic='-fPIC -DPIC'
lt_cv_prog_compiler_pic_CXX='-fPIC -DPIC'
lt_cv_prog_compiler_pic_works=yes
lt_cv_prog_compiler_pic_works_CXX=yes
lt_cv_prog_compiler_rtti_exceptions=yes
lt_cv_prog_compiler_static_works=yes
lt_cv_prog_compiler_static_works_CXX=yes
lt_cv_prog_gnu_ld=yes
lt_cv_prog_gnu_ldcxx=yes
lt_cv_sharedlib_from_linklib_cmd='printf %s\n'
lt_cv_sys_global_symbol_pipe='/usr/bin/sed -n -e '\''s/^.*[	 ]\([ABCDGIRSTW][ABCDGIRSTW]*\)[	 ][	 ]*\([_A-Za-z][_A-Za-z0-9]*\)$/\1 \2 \2/p'\'' | /usr/bin/sed '\''/ __gnu_lto/d'\'''
lt_cv_sys_global_symbol_to_c_name_address='/usr/bin/sed -n -e '\''s/^: \(.*\) .*$/  {"\1", (void *) 0},/p'\'' -e '\''s/^[ABCDGIRSTW][ABCDGIRSTW]* .* \(.*\)$/  {"\1", (void *) \&\1},/p'\'''
lt_cv_sys_global_symbol_to_c_name_address_lib_prefix='/usr/bin/sed -n -e '\''s/^: \(.*\) .*$/  {"\1", (void *) 0},/p'\'' -e '\''s/^[ABCDGIRSTW][ABCDGIRSTW]* .* \(lib.*\)$/  {"\1", (void *) \&\1},/p'\'' -e '\''s/^[ABCDGIRSTW][ABCDGIRSTW]* .* \(.*\)$/  {"lib\1", (void *) \&\1},/p'\'''
lt_cv_sys_global_symbol_to_cdecl='/usr/bin/sed -n -e '\''s/^T .* \(.*\)$/extern int \1();/p'\'' -e '\''s/^[ABCDGIRSTW][ABCDGIRSTW]* .* \(.*\)$/extern char \1;/p'\'''
lt_cv_sys_global_symbol_to_import=
lt_cv_sys_max_cmd_len=3145728
lt_cv_to_host_file_cmd=func_convert_file_noop
lt_cv_to_tool_file_cmd=func_convert_file_noop
lt_cv_truncate_bin='/usr/bin/dd bs=4096 count=1'

## ----------------- ##
## Output variables. ##
## ----------------- ##

ACLOCAL='${SHELL} '\''/workspace/.tmp/simulator-rebuild/native/missing'\'' aclocal-1.16'
AMDEPBACKSLASH='\'
AMDEP_FALSE='#'
AMDEP_TRUE=''
AMTAR='$${TAR-tar}'
AM_BACKSLASH='\'
AM_CPPFLAGS='-I. -I$(srcdir) -I$(top_builddir)/src/include'
AM_DEFAULT_V='$(AM_DEFAULT_VERBOSITY)'
AM_DEFAULT_VERBOSITY='0'
AM_V='$(V)'
AR='/emsdk/upstream/emscripten/emar'
AR_FLAGS='cr'
AUTOCONF='${SHELL} '\''/workspace/.tmp/simulator-rebuild/native/missing'\'' autoconf'
AUTOHEADER='${SHELL} '\''/workspace/.tmp/simulator-rebuild/native/missing'\'' autoheader'
AUTOMAKE='${SHELL} '\''/workspace/.tmp/simulator-rebuild/native/missing'\'' automake-1.16'
AWK='mawk'
BISON='/usr/bin/bison'
BISON_VERSION='3.8.2'
BUILD_EXEEXT=''
BUILD_OBJEXT=''
CC='/emsdk/upstream/emscripten/emcc'
CCDEPMODE='depmode=gcc3'
CC_FOR_BUILD='gcc'
CFLAGS='-O2 -s -Wall -Wextra -Wmissing-prototypes -Wstrict-prototypes -Wnested-externs -Wold-style-definition -Wredundant-decls -Wconversion -Wno-unused-const-variable'
CFLAGS_FOR_BUILD='-g -O2'
CIDER_WANTED_FALSE=''
CIDER_WANTED_TRUE='#'
CMATHTESTS_FALSE=''
CMATHTESTS_TRUE='#'
CMPP='$(top_builddir)/src/xspice/cmpp/build/cmpp$(BUILD_EXEEXT)'
CPP='/emsdk/upstream/emscripten/emcc -E'
CPPFLAGS=''
CPPFLAGS_FOR_BUILD=''
CPP_FOR_BUILD='gcc -E'
CROSS_COMPILING_FALSE='#'
CROSS_COMPILING_TRUE=''
CSCOPE='cscope'
CTAGS='ctags'
CXX='/emsdk/upstream/emscripten/em++'
CXXCPP='/emsdk/upstream/emscripten/em++ -E'
CXXDEPMODE='depmode=gcc3'
CXXFLAGS='-g -O2'
CYGPATH_W='echo'
DEFS='-DHAVE_CONFIG_H'
DEPDIR='.deps'
DLIBS_FULLY_RESOLVED_FALSE=''
DLIBS_FULLY_RESOLVED_TRUE='#'
DLLTOOL='false'
DSYMUTIL=''
DUMPBIN=''
ECHO_C=''
ECHO_N='-n'
ECHO_T=''
EGREP='/usr/bin/grep -E'
ETAGS='etags'
EXEEXT=''
FGREP='/usr/bin/grep -F'
FILECMD='file'
GREP='/usr/bin/grep'
INSTALL_DATA='${INSTALL} -m 644'
INSTALL_PROGRAM='${INSTALL}'
INSTALL_SCRIPT='${INSTALL}'
INSTALL_STRIP_PROGRAM='$(install_sh) -c -s'
KLU_WANTED_FALSE='#'
KLU_WANTED_TRUE=''
LD='/emsdk/upstream/emscripten/emcc'
LDFLAGS=''
LDFLAGS_FOR_BUILD=''
LEX='flex'
LEXLIB=''
LEX_OUTPUT_ROOT='lex.yy'
LIBNGSPICE_API_VERSION='0'
LIBNGSPICE_SO_VERSION='0.14.0'
LIBOBJS=''
LIBS='-lm  '
LIBTOOL='$(SHELL) $(top_builddir)/libtool'
LIPO=''
LN_S='ln -s'
LTLIBOBJS=''
LT_NGSPICE_AGE='0'
LT_NGSPICE_CURRENT='0'
LT_NGSPICE_REVISION='14'
LT_SYS_LIBRARY_PATH=''
MAINT=''
MAINTAINER_MODE_FALSE='#'
MAINTAINER_MODE_TRUE=''
MAKEINFO='${SHELL} '\''/workspace/.tmp/simulator-rebuild/native/missing'\'' makeinfo'
MANIFEST_TOOL=':'
MKDIR_P='/usr/bin/mkdir -p'
NDEV_WANTED_FALSE=''
NDEV_WANTED_TRUE='#'
NM='/emsdk/upstream/bin/llvm-nm'
NMEDIT=''
NO_HELP_FALSE='#'
NO_HELP_TRUE=''
NO_X_FALSE='#'
NO_X_TRUE=''
NUMDEV_WANTED_FALSE=''
NUMDEV_WANTED_TRUE='#'
OBJDUMP='objdump'
OBJEXT='o'
OLDAPPS_FALSE=''
OLDAPPS_TRUE='#'
OPENMP_CFLAGS=''
OSDI_WANTED_FALSE=''
OSDI_WANTED_TRUE='#'
OTOOL64=''
OTOOL=''
PACKAGE='ngspice'
PACKAGE_BUGREPORT='http://ngspice.sourceforge.net/bugrep.html'
PACKAGE_NAME='ngspice'
PACKAGE_STRING='ngspice 45.2'
PACKAGE_TARNAME='ngspice'
PACKAGE_URL=''
PACKAGE_VERSION='45.2'
PATH_SEPARATOR=':'
PSS_WANTED_FALSE=''
PSS_WANTED_TRUE='#'
RANLIB='/emsdk/upstream/emscripten/emranlib'
RELPATH_FALSE=''
RELPATH_TRUE='#'
SED='/usr/bin/sed'
SENSE2_WANTED_FALSE=''
SENSE2_WANTED_TRUE='#'
SET_MAKE=''
SHARED_MODULE_FALSE=''
SHARED_MODULE_TRUE='#'
SHCYG_FALSE=''
SHCYG_TRUE='#'
SHELL='/bin/bash'
SHORT_CHECK_WANTED_FALSE=''
SHORT_CHECK_WANTED_TRUE='#'
SHWIN_FALSE=''
SHWIN_TRUE='#'
SP_WANTED_FALSE='#'
SP_WANTED_TRUE=''
STATIC='-static'
STRIP='strip'
TCLCYG_FALSE=''
TCLCYG_TRUE='#'
TCLWIN_FALSE=''
TCLWIN_TRUE='#'
TCL_LIB_SPEC=''
TCL_MODULE_FALSE=''
TCL_MODULE_TRUE='#'
TCL_PACKAGE_PATH=''
VERSION='45.2'
VIS_CFLAGS=''
WINCONSOLE_FALSE=''
WINCONSOLE_TRUE='#'
WINGUI_FALSE=''
WINGUI_TRUE='#'
WINRES=''
WINRESOURCE_FALSE=''
WINRESOURCE_TRUE='#'
XMKMF=''
XSPICEDLLIBS=''
XSPICEINIT='*'
XSPICE_WANTED_FALSE=''
XSPICE_WANTED_TRUE='#'
X_CFLAGS=''
X_EXTRA_LIBS=''
X_LIBS=''
X_PRE_LIBS=''
YACC='bison -y'
YFLAGS=''
ac_ct_AR=''
ac_ct_CC=''
ac_ct_CC_FOR_BUILD='gcc'
ac_ct_CXX=''
ac_ct_DUMPBIN=''
am__EXEEXT_FALSE=''
am__EXEEXT_TRUE='#'
am__fastdepCC_FALSE='#'
am__fastdepCC_TRUE=''
am__fastdepCXX_FALSE='#'
am__fastdepCXX_TRUE=''
am__include='include'
am__isrc=' -I$(srcdir)'
am__leading_dot='.'
am__nodep='_no'
am__quote=''
am__tar='$${TAR-tar} chof - "$$tardir"'
am__untar='$${TAR-tar} xf -'
bindir='${exec_prefix}/bin'
build='x86_64-pc-linux-gnu'
build_alias='x86_64-pc-linux-gnu'
build_cpu='x86_64'
build_os='linux-gnu'
build_vendor='pc'
datadir='${datarootdir}'
datarootdir='${prefix}/share'
docdir='${datarootdir}/doc/${PACKAGE_TARNAME}'
dvidir='${docdir}'
exec_prefix='${prefix}'
host='wasm32-unknown-emscripten'
host_alias='wasm32-unknown-emscripten'
host_cpu='wasm32'
host_os='emscripten'
host_vendor='unknown'
htmldir='${docdir}'
includedir='${prefix}/include'
infodir='${datarootdir}/info'
install_sh='${SHELL} /workspace/.tmp/simulator-rebuild/native/install-sh'
libdir='${exec_prefix}/lib'
libexecdir='${exec_prefix}/libexec'
localedir='${datarootdir}/locale'
localstatedir='${prefix}/var'
mandir='${datarootdir}/man'
mkdir_p='$(MKDIR_P)'
oldincludedir='/usr/include'
pdfdir='${docdir}'
prefix='/usr/local'
program_transform_name='s,x,x,'
psdir='${docdir}'
runstatedir='${localstatedir}/run'
sbindir='${exec_prefix}/sbin'
sharedstatedir='${prefix}/com'
sysconfdir='${prefix}/etc'
target_alias=''

## ----------- ##
## confdefs.h. ##
## ----------- ##

/* confdefs.h */
#define PACKAGE_NAME "ngspice"
#define PACKAGE_TARNAME "ngspice"
#define PACKAGE_VERSION "45.2"
#define PACKAGE_STRING "ngspice 45.2"
#define PACKAGE_BUGREPORT "http://ngspice.sourceforge.net/bugrep.html"
#define PACKAGE_URL ""
#define PACKAGE "ngspice"
#define VERSION "45.2"
#define HAVE_STDIO_H 1
#define HAVE_STDLIB_H 1
#define HAVE_STRING_H 1
#define HAVE_INTTYPES_H 1
#define HAVE_STDINT_H 1
#define HAVE_STRINGS_H 1
#define HAVE_SYS_STAT_H 1
#define HAVE_SYS_TYPES_H 1
#define HAVE_UNISTD_H 1
#define HAVE_SYS_SELECT_H 1
#define HAVE_SYS_SOCKET_H 1
#define STDC_HEADERS 1
#define HAVE_DLFCN_H 1
#define LT_OBJDIR ".libs/"
#define KLU /**/
#define HAVE_STRINGS_H 1
#define OS_COMPILED 0
#define HAVE__PROC_MEMINFO 1
#define X_DISPLAY_MISSING 1
#define HAVE__BOOL 1
#define HAVE_STDBOOL_H 1
#define HAVE_DIRENT_H 1
#define SELECT_TYPE_ARG1 int
#define SELECT_TYPE_ARG234 (fd_set *)
#define SELECT_TYPE_ARG5 (struct timeval *)
#define HAVE_VPRINTF 1
#define HAVE_FORK 1
#define HAVE_VFORK 1
#define X_DISPLAY_MISSING 1
#define NOINTHELP 1
#define HAVE_SIG_T 1
#define HAVE_DIRENT_H 1
#define HAVE_UNISTD_H 1
#define HAVE_CTYPE_H 1
#define HAVE_PWD_H 1
#define HAVE_FCNTL_H 1
#define HAVE_SYS_IOCTL_H 1
#define HAVE_STROPTS_H 1
#define HAVE_SYS_WAIT_H 1
#define HAVE_ARPA_INET_H 1
#define HAVE_NETDB_H 1
#define HAVE_NETINET_IN_H 1
#define HAVE_STDDEF_H 1
#define HAVE_SYS_FILE_H 1
#define HAVE_SYS_PARAM_H 1
#define HAVE_SYS_SOCKET_H 1
#define HAVE_SYS_TIME_H 1
#define HAVE_SYS_TIMEB_H 1
#define HAVE_STRUCT_TM_TM_ZONE 1
#define HAVE_TM_ZONE 1
#define HAVE_TIME 1
#define HAVE_LOCALTIME 1
#define HAVE_CLOCK_GETTIME 1
#define HAVE_GETTIMEOFDAY 1
#define HAVE_FTIME 1
#define HAVE_TIMES 1
#define HAVE_GETRUSAGE 1
#define HAVE_UTIMES 1
#define HAVE_GETRLIMIT 1
#define HAVE_ENDPWENT 1
#define HAVE_GETHOSTBYNAME 1
#define HAVE_MEMSET 1
#define HAVE_SELECT 1
#define HAVE_SOCKET 1
#define HAVE_STRDUP 1
#define HAVE_STRERROR 1
#define HAVE_STRNCASECMP 1
#define HAVE_STRSTR 1
#define HAVE_STRTOL 1
#define HAVE_TERMIOS_H 1
#define HAVE_ISATTY 1
#define HAVE_TCGETATTR 1
#define HAVE_TCSETATTR 1
#define HAVE_WORKING_VFORK 1
#define HAVE_WORKING_FORK 1
#define HAVE_ACCESS 1
#define HAVE_QSORT 1
#define HAVE_DUP2 1
#define HAVE_POPEN 1
#define HAVE_TSEARCH 1
#define HAVE_TDESTROY 1
#define HAVE_STRCHR 1
#define HAVE_STRRCHR 1
#define HAVE_GETCWD 1
#define HAVE_LIBM 1
#define HAVE_FLOAT_H 1
#define HAVE_LIMITS_H 1
#define HAVE_VALUES_H 1
#define HAVE_ERFC 1
#define HAVE_LOGB 1
#define HAVE_SCALB 1
#define HAVE_SCALBN 1
#define HAVE_ASINH 1
#define HAVE_ACOSH 1
#define HAVE_ATANH 1
#define HAVE_FINITE 1
#define HAVE_DECL_ISINF 1
#define HAVE_DECL_ISNAN 1
#define HAVE_SIGSETJMP /**/
#define HAVE_SNPRINTF 1
#define HAVE_DIRNAME 1
#define HAVE_GETOPT_H 1
#define HAVE_GETOPT_LONG 1
#define NGSPICEBINDIR "/usr/local/bin"
#define NGSPICEDATADIR "/usr/local/share/ngspice"
#define NGSPICELIBDIR "/usr/local/lib/ngspice"
#define NGSPICEBUILDDATE "Tue Sep 15 20:43:49 UTC 2026"
#define YYTEXT_POINTER 1
#define RFSPICE 1

configure: exit 0
